debcode,ClassificationId
741,Hey
760,Hey
761,Hey
770,Hey
804,Hey
820,Hey
821,Hey
839,Hey
851,Hey
854,Hey
861,Hey
924,Hey
949,Hey
961,Hey
993,Hey
1011,Hey
1033,Hey
1034,Hey
1035,Hey
1040,Hey
1053,Hey
1057,Hey
1058,Hey
1066,Hey
1074,Hey
1075,Hey
1098,Hey
1100,Hey
1103,Hey
1117,Hey
1123,Hey
1128,Hey
1131,Hey
1148,Hey
1150,Hey
1161,Hey
1166,Hey
1168,Hey
1169,Hey
1173,Hey
1182,Hey
1183,Hey
1190,Hey
1195,Hey
1196,Hey
1215,Hey
1217,Hey
1219,Hey
1223,Hey
1224,Hey
1228,Hey
1234,Hey
1243,Hey
1246,Hey
1250,Hey
1262,Hey
1267,Hey
1278,Hey
1279,Hey
1286,Hey
1289,Hey
1298,Hey
1314,Hey
1317,Hey
1325,Hey
1326,Hey
1333,Hey
1348,Hey
1360,Hey
1361,Hey
1377,Hey
1393,Hey
1397,Hey
1403,Hey
1411,Hey
1412,Hey
1418,Hey
1438,Hey
1493,Hey
1494,Hey
1502,Hey
1514,Hey
1533,Hey
1537,Hey
1543,Hey
1553,Hey
1555,Hey
1558,Hey
1559,Hey
1563,Hey
1572,Hey
1573,Hey
1587,Hey
1588,Hey
1591,Hey
1592,Hey
1593,Hey
1594,Hey
1601,Hey
1607,Hey
1609,Hey
1618,Hey
1631,Hey
1637,Hey
1644,Hey
1644,Hey
1647,Hey
1648,Hey
1649,Hey
1657,Hey
1666,Hey
1675,Hey
1685,Hey
1685,Hey
1694,Hey
1695,Hey
1698,Hey
1701,Hey
1702,Hey
1703,Hey
1706,Hey
1707,Hey
1713,Hey
1720,Hey
1723,Hey
1724,Hey
1726,Hey
1729,Hey
1734,Hey
1740,Hey
1747,Hey
1748,Hey
1750,Hey
1751,Hey
1754,Hey
1761,Hey
1762,Hey
1773,Hey
1775,Hey
1778,Hey
1781,Hey
1782,Hey
1784,Hey
1785,Hey
1788,Hey
1795,Hey
1796,Hey
1799,Hey
1803,Hey
1804,Hey
1809,Hey
1811,Hey
1815,Hey
1816,Hey
1817,Hey
1820,Hey
1825,Hey
1828,Hey
1830,Hey
1834,Hey
1841,Hey
1845,Hey
1856,Hey
1858,Hey
1900,Hey
1918,Hey
1922,Hey
1933,Hey
1937,Hey
1943,Hey
1969,Hey
1970,Hey
1973,Hey
1985,Hey
1993,Hey
2004,Hey
2008,Hey
2013,Hey
2014,Hey
2017,Hey
2018,Hey
2020,Hey
2026,Hey
2028,Hey
2036,Hey
2040,Hey
2041,Hey
2042,Hey
2053,Hey
2057,Hey
2058,Hey
2060,Hey
2063,Hey
2066,Hey
2073,Hey
2074,Hey
2081,Hey
2083,Hey
2085,Hey
2089,Hey
2093,Hey
2094,Hey
2099,Hey
2104,Hey
2105,Hey
2111,Hey
2118,Hey
2128,Hey
2132,Hey
2142,Hey
2144,Hey
2148,Hey
2149,Hey
2158,Hey
2164,Hey
2165,Hey
2169,Hey
2174,Hey
2177,Hey
2180,Hey
2186,Hey
2192,Hey
2196,Hey
2202,Hey
2218,Hey
2220,Hey
2221,Hey
2222,Hey
2227,Hey
2231,Hey
2235,Hey
2244,Hey
2248,Hey
2249,Hey
2256,Hey
2259,Hey
2263,Hey
2304,Hey
2313,Hey
2320,Hey
2322,Hey
2324,Hey
2325,Hey
2344,Hey
2347,Hey
2352,Hey
2358,Hey
2359,Hey
2362,Hey
2367,Hey
2377,Hey
2380,Hey
2387,Hey
2398,Hey
2400,Hey
2407,Hey
2414,Hey
2423,Hey
2427,Hey
2443,Hey
2480,Hey
2484,Hey
2487,Hey
2488,Hey
2489,Hey
2496,Hey
2497,Hey
2499,Hey
2502,Hey
2514,Hey
2519,Hey
2521,Hey
2526,Hey
2529,Hey
2530,Hey
2531,Hey
2535,Hey
2538,Hey
2540,Hey
2544,Hey
2555,Hey
2556,Hey
2562,Hey
2569,Hey
2573,Hey
2586,Hey
2592,Hey
2599,Hey
2602,Hey
2603,Hey
2604,Hey
2612,Hey
2613,Hey
2613,Hey
2620,Hey
2633,Hey
2635,Hey
2637,Hey
2648,Hey
2653,Hey
2662,Hey
2667,Hey
2691,Hey
2693,Hey
2698,Hey
2710,Hey
2713,Hey
2717,Hey
2720,Hey
2725,Hey
2735,Hey
2745,Hey
2750,Hey
2761,Hey
2769,Hey
2771,Hey
2777,Hey
2792,Hey
2803,Hey
2815,Hey
2824,Hey
2828,Hey
2828,Hey
2832,Hey
2844,Hey
2845,Hey
2846,Hey
2851,Hey
2852,Hey
2855,Hey
2871,Hey
2872,Hey
2878,Hey
2880,Hey
2883,Hey
2889,Hey
2897,Hey
2904,Hey
2911,Hey
2991,Hey
2994,Hey
2997,Hey
3008,Hey
3010,Hey
3013,Hey
3016,Hey
3038,Hey
3051,Hey
3053,Hey
3064,Hey
3070,Hey
3072,Hey
3073,Hey
3081,Hey
3083,Hey
3089,Hey
3112,Hey
3120,Hey
3126,Hey
3144,Hey
3154,Hey
3156,Hey
3189,Hey
3215,Hey
3228,Hey
3352,Hey
3353,Hey
3355,Hey
3361,Hey
3385,Hey
3398,Hey
3402,Hey
3403,Hey
3404,Hey
3412,Hey
3419,Hey
3426,Hey
3429,Hey
3450,Hey
3472,Hey
3485,Hey
3495,Hey
3497,Hey
3502,Hey
3509,Hey
4520,Hey
5182,Hey
5510,Hey
5536,Hey
5544,Hey
5545,Hey
5575,Hey
5578,Hey
5586,Hey
5595,Hey
5596,Hey
5600,Hey
5605,Hey
5610,Hey
5612,Hey
5625,Hey
5634,Hey
5646,Hey
5669,Hey
5669,Hey
5674,Hey
5676,Hey
5679,Hey
5680,Hey
5688,Hey
5711,Hey
5712,Hey
5719,Hey
5721,Hey
5732,Hey
5747,Hey
5763,Hey
5770,Hey
5781,Hey
5782,Hey
5822,Hey
5833,Hey
5841,Hey
5881,Hey
5903,Hey
5908,Hey
5920,Hey
5930,Hey
5935,Hey
5937,Hey
5951,Hey
5963,Hey
5967,Hey
5968,Hey
5978,Hey
5988,Hey
5989,Hey
5992,Hey
6002,Hey
6007,Hey
6019,Hey
6020,Hey
6021,Hey
6047,Hey
6050,Hey
6059,Hey
6064,Hey
6064,Hey
6071,Hey
6080,Hey
6086,Hey
6093,Hey
6100,Hey
6105,Hey
6115,Hey
6116,Hey
6125,Hey
6133,Hey
6145,Hey
6146,Hey
6148,Hey
6149,Hey
6151,Hey
6153,Hey
6160,Hey
6162,Hey
6167,Hey
6189,Hey
6190,Hey
6192,Hey
6198,Hey
6209,Hey
6215,Hey
6380,Hey
6381,Hey
6403,Hey
6407,Hey
6419,Hey
6420,Hey
6429,Hey
6430,Hey
6431,Hey
6434,Hey
6447,Hey
6466,Hey
6469,Hey
6474,Hey
6495,Hey
6502,Hey
6510,Hey
6521,Hey
6527,Hey
6533,Hey
6544,Hey
6557,Hey
6570,Hey
6571,Hey
6572,Hey
6582,Hey
6585,Hey
6593,Hey
6598,Hey
6616,Hey
6619,Hey
6621,Hey
6626,Hey
6628,Hey
6632,Hey
6637,Hey
6638,Hey
6648,Hey
6654,Hey
6656,Hey
6658,Hey
6659,Hey
6662,Hey
6669,Hey
6673,Hey
6706,Hey
6726,Hey
6741,Hey
6753,Hey
6771,Hey
6777,Hey
6782,Hey
6784,Hey
6807,Hey
6827,Hey
6841,Hey
6846,Hey
6857,Hey
6876,Hey
6898,Hey
6898,Hey
6906,Hey
6913,Hey
6925,Hey
6930,Hey
6962,Hey
7034,Hey
7089,Hey
7132,Hey
7180,Hey
7193,Hey
7199,Hey
7200,Hey
7210,Hey
7253,Hey
7256,Hey
7270,Hey
7274,Hey
7301,Hey
7312,Hey
7315,Hey
7322,Hey
7323,Hey
7327,Hey
7337,Hey
7343,Hey
7351,Hey
7356,Hey
7357,Hey
7368,Hey
7603,Hey
7604,Hey
7606,Hey
7611,Hey
7613,Hey
7615,Hey
7620,Hey
7638,Hey
7658,Hey
7658,Hey
7665,Hey
7671,Hey
7678,Hey
7681,Hey
7686,Hey
7691,Hey
7695,Hey
7710,Hey
7714,Hey
7715,Hey
7726,Hey
7727,Hey
7731,Hey
7735,Hey
7744,Hey
7750,Hey
7752,Hey
7775,Hey
7792,Hey
7794,Hey
7806,Hey
7825,Hey
7829,Hey
7830,Hey
7841,Hey
7850,Hey
7859,Hey
7863,Hey
7870,Hey
7873,Hey
7882,Hey
7884,Hey
7895,Hey
7903,Hey
7910,Hey
8012,Hey
8049,Hey
8141,Hey
8267,Hey
8360,Hey
8478,Hey
8513,Hey
8543,Hey
8574,Hey
8579,Hey
8732,Hey
8735,Hey
8763,Hey
8823,Hey
8980,Hey
9018,Hey
9049,Hey
9100,Hey
9204,Hey
9290,Hey
9290,Hey
9425,Hey
9515,Hey
9576,Hey
9589,Hey
9625,Hey
9696,Hey
9852,Hey
9937,Hey
9953,Hey
10063,Hey
10153,Hey
10250,Hey
10494,Hey
10634,Hey
10634,Hey
10635,Hey
10648,Hey
10776,Hey
10800,Hey
10885,Hey
10930,Hey
10943,Hey
11029,Hey
11030,Hey
11092,Hey
11101,Hey
11117,Hey
11127,Hey
11130,Hey
11139,Hey
11144,Hey
11150,Hey
11163,Hey
11174,Hey
11176,Hey
11185,Hey
11190,Hey
11198,Hey
11207,Hey
11224,Hey
11230,Hey
11245,Hey
11252,Hey
11274,Hey
11286,Hey
11317,Hey
11335,Hey
11336,Hey
11523,Hey
11541,Hey
11557,Hey
11568,Hey
11596,Hey
11630,Hey
11663,Hey
11672,Hey
11677,Hey
11680,Hey
11700,Hey
11712,Hey
11723,Hey
11728,Hey
11754,Hey
11770,Hey
11780,Hey
11788,Hey
11795,Hey
11797,Hey
11818,Hey
11818,Hey
11823,Hey
11870,Hey
11872,Hey
11878,Hey
11890,Hey
11891,Hey
11891,Hey
11897,Hey
11905,Hey
11910,Hey
11926,Hey
11928,Hey
11984,Hey
12014,Hey
12031,Hey
12033,Hey
12069,Hey
12075,Hey
12080,Hey
12118,Hey
12165,Hey
12177,Hey
12180,Hey
12195,Hey
12227,Hey
12241,Hey
12245,Hey
12249,Hey
12254,Hey
12290,Hey
12290,Hey
12308,Hey
12312,Hey
12316,Hey
12322,Hey
12334,Hey
12338,Hey
12349,Hey
12354,Hey
12355,Hey
12367,Hey
12401,Hey
12452,Hey
12455,Hey
12488,Hey
12533,Hey
12555,Hey
12566,Hey
12567,Hey
12578,Hey
12581,Hey
12589,Hey
12605,Hey
12641,Hey
12663,Hey
12672,Hey
12687,Hey
12692,Hey
12696,Hey
12736,Hey
12741,Hey
12751,Hey
12756,Hey
12795,Hey
12800,Hey
12810,Hey
12825,Hey
12847,Hey
12865,Hey
12922,Hey
12926,Hey
12932,Hey
12939,Hey
12948,Hey
12966,Hey
12984,Hey
12994,Hey
13016,Hey
13039,Hey
13063,Hey
13070,Hey
13072,Hey
13081,Hey
13099,Hey
13106,Hey
13110,Hey
13120,Hey
13133,Hey
13196,Hey
13197,Hey
13198,Hey
13212,Hey
13212,Hey
13248,Hey
13277,Hey
13290,Hey
13340,Hey
13348,Hey
13349,Hey
13361,Hey
13371,Hey
13375,Hey
13377,Hey
13382,Hey
13389,Hey
13397,Hey
13400,Hey
13407,Hey
13414,Hey
13420,Hey
13479,Hey
13480,Hey
13496,Hey
13561,Hey
13562,Hey
13569,Hey
13574,Hey
13585,Hey
13628,Hey
13635,Hey
13646,Hey
13663,Hey
13688,Hey
13692,Hey
13711,Hey
13720,Hey
13724,Hey
13743,Hey
13745,Hey
13757,Hey
13761,Hey
13765,Hey
13800,Hey
13805,Hey
13836,Hey
13849,Hey
13852,Hey
13853,Hey
13863,Hey
13864,Hey
13869,Hey
13872,Hey
13873,Hey
13881,Hey
13911,Hey
13915,Hey
13949,Hey
13954,Hey
13955,Hey
13958,Hey
13960,Hey
13981,Hey
13989,Hey
14000,Hey
14010,Hey
14019,Hey
14026,Hey
14038,Hey
14039,Hey
14040,Hey
14044,Hey
14095,Hey
14107,Hey
14109,Hey
14132,Hey
14136,Hey
14162,Hey
14170,Hey
14173,Hey
14178,Hey
14181,Hey
14213,Hey
14245,Hey
14246,Hey
14252,Hey
14256,Hey
14258,Hey
14262,Hey
14264,Hey
14268,Hey
14274,Hey
14291,Hey
14299,Hey
14301,Hey
14343,Hey
14350,Hey
14373,Hey
14385,Hey
14386,Hey
14387,Hey
14404,Hey
14417,Hey
14437,Hey
14497,Hey
14498,Hey
14507,Hey
14518,Hey
14528,Hey
14544,Hey
14546,Hey
14567,Hey
14578,Hey
14582,Hey
14587,Hey
14597,Hey
14601,Hey
14610,Hey
14635,Hey
14638,Hey
14663,Hey
14668,Hey
14701,Hey
14711,Hey
14730,Hey
14735,Hey
14739,Hey
14745,Hey
14747,Hey
14751,Hey
14759,Hey
14772,Hey
14778,Hey
14785,Hey
14806,Hey
14845,Hey
14848,Hey
14855,Hey
14862,Hey
14866,Hey
14880,Hey
14885,Hey
14887,Hey
14924,Hey
14933,Hey
14960,Hey
14985,Hey
15012,Hey
15014,Hey
15017,Hey
15019,Hey
15041,Hey
15051,Hey
15063,Hey
15070,Hey
15078,Hey
15104,Hey
15129,Hey
15137,Hey
15157,Hey
15157,Hey
15158,Hey
15177,Hey
15191,Hey
15205,Hey
15208,Hey
15246,Hey
15254,Hey
15259,Hey
15266,Hey
15271,Hey
15280,Hey
15287,Hey
15289,Hey
15296,Hey
15305,Hey
15312,Hey
15342,Hey
15356,Hey
15387,Hey
15388,Hey
15391,Hey
15456,Hey
15485,Hey
15517,Hey
15540,Hey
15560,Hey
15625,Hey
15637,Hey
15645,Hey
15645,Hey
15728,Hey
15750,Hey
15758,Hey
15790,Hey
15800,Hey
15805,Hey
15816,Hey
15893,Hey
15896,Hey
15898,Hey
15903,Hey
15906,Hey
15907,Hey
15925,Hey
15926,Hey
15930,Hey
15938,Hey
15941,Hey
15942,Hey
15959,Hey
15977,Hey
16009,Hey
16012,Hey
16055,Hey
16061,Hey
16067,Hey
16072,Hey
16074,Hey
16090,Hey
16095,Hey
16109,Hey
16119,Hey
16154,Hey
16156,Hey
16173,Hey
16184,Hey
16193,Hey
16213,Hey
16226,Hey
16253,Hey
16264,Hey
16265,Hey
16288,Hey
16323,Hey
16340,Hey
16345,Hey
16363,Hey
16364,Hey
16370,Hey
16392,Hey
16407,Hey
16428,Hey
16431,Hey
16442,Hey
16457,Hey
16466,Hey
16468,Hey
16491,Hey
16500,Hey
16512,Hey
16543,Hey
16556,Hey
16577,Hey
16580,Hey
16635,Hey
16643,Hey
16646,Hey
16671,Hey
16674,Hey
16690,Hey
16729,Hey
16736,Hey
16741,Hey
16757,Hey
16810,Hey
16876,Hey
16913,Hey
16922,Hey
16958,Hey
17016,Hey
17085,Hey
17093,Hey
17094,Hey
17108,Hey
17108,Hey
17112,Hey
17115,Hey
17158,Hey
17201,Hey
17233,Hey
17265,Hey
17279,Hey
17301,Hey
17310,Hey
17310,Hey
17319,Hey
17324,Hey
17349,Hey
17355,Hey
17364,Hey
17365,Hey
17376,Hey
17400,Hey
17402,Hey
17425,Hey
17429,Hey
17450,Hey
17479,Hey
17489,Hey
17492,Hey
17501,Hey
17509,Hey
17510,Hey
17539,Hey
17549,Hey
17629,Hey
17630,Hey
17635,Hey
17642,Hey
17681,Hey
17686,Hey
17687,Hey
17705,Hey
17705,Hey
17707,Hey
17712,Hey
17727,Hey
17733,Hey
17756,Hey
17764,Hey
17807,Hey
17821,Hey
17833,Hey
17917,Hey
17949,Hey
17972,Hey
17982,Hey
17993,Hey
18025,Hey
18041,Hey
18061,Hey
18070,Hey
18111,Hey
18130,Hey
18185,Hey
18188,Hey
18193,Hey
18198,Hey
18198,Hey
18200,Hey
18205,Hey
18242,Hey
18244,Hey
18274,Hey
18313,Hey
18313,Hey
18315,Hey
18322,Hey
18329,Hey
18344,Hey
18367,Hey
18381,Hey
18384,Hey
18397,Hey
18416,Hey
18422,Hey
18447,Hey
18487,Hey
18498,Hey
18504,Hey
18505,Hey
18523,Hey
18535,Hey
18551,Hey
18558,Hey
18571,Hey
18617,Hey
18618,Hey
18619,Hey
18621,Hey
18687,Hey
18731,Hey
18760,Hey
18763,Hey
18782,Hey
18787,Hey
18870,Hey
18895,Hey
18901,Hey
18905,Hey
18916,Hey
18930,Hey
18931,Hey
18947,Hey
18957,Hey
18974,Hey
19051,Hey
19079,Hey
19081,Hey
19108,Hey
19109,Hey
19134,Hey
19143,Hey
19146,Hey
19163,Hey
19174,Hey
19186,Hey
19218,Hey
19226,Hey
19253,Hey
19262,Hey
19272,Hey
19281,Hey
19281,Hey
19288,Hey
19289,Hey
19325,Hey
19333,Hey
19340,Hey
19366,Hey
19380,Hey
19385,Hey
19410,Hey
19419,Hey
19445,Hey
19456,Hey
19471,Hey
19482,Hey
19486,Hey
19488,Hey
19523,Hey
19543,Hey
19548,Hey
19566,Hey
19569,Hey
19581,Hey
19631,Hey
19635,Hey
19663,Hey
19666,Hey
19673,Hey
19677,Hey
19699,Hey
19700,Hey
19701,Hey
19710,Hey
19730,Hey
19733,Hey
19736,Hey
19749,Hey
19764,Hey
19773,Hey
19774,Hey
19800,Hey
19811,Hey
19819,Hey
19821,Hey
19833,Hey
19833,Hey
19834,Hey
19849,Hey
19856,Hey
19866,Hey
19915,Hey
19917,Hey
19918,Hey
19924,Hey
19940,Hey
19966,Hey
19968,Hey
19976,Hey
19976,Hey
19994,Hey
20006,Hey
20008,Hey
20014,Hey
20032,Hey
20071,Hey
20093,Hey
20114,Hey
20132,Hey
20137,Hey
20149,Hey
20163,Hey
20180,Hey
20205,Hey
20228,Hey
20233,Hey
20234,Hey
20258,Hey
20274,Hey
20285,Hey
20287,Hey
20307,Hey
20314,Hey
20327,Hey
20332,Hey
20350,Hey
20363,Hey
20388,Hey
20400,Hey
20416,Hey
20450,Hey
20469,Hey
20483,Hey
20493,Hey
20499,Hey
20543,Hey
20559,Hey
20562,Hey
20564,Hey
20588,Hey
20590,Hey
20591,Hey
20597,Hey
20623,Hey
20693,Hey
20698,Hey
20708,Hey
20759,Hey
20802,Hey
20803,Hey
20819,Hey
20835,Hey
20836,Hey
20844,Hey
20859,Hey
20875,Hey
20910,Hey
20919,Hey
20922,Hey
20933,Hey
20943,Hey
20976,Hey
20982,Hey
21008,Hey
21071,Hey
21088,Hey
21128,Hey
21132,Hey
21159,Hey
21225,Hey
21258,Hey
21260,Hey
21263,Hey
21270,Hey
21287,Hey
21290,Hey
21300,Hey
21307,Hey
21309,Hey
21309,Hey
21310,Hey
21335,Hey
21364,Hey
21382,Hey
21417,Hey
21476,Hey
21532,Hey
21543,Hey
21544,Hey
21546,Hey
21565,Hey
21586,Hey
21597,Hey
21615,Hey
21618,Hey
21655,Hey
21658,Hey
21677,Hey
21686,Hey
21692,Hey
21705,Hey
21712,Hey
21716,Hey
21718,Hey
21782,Hey
21800,Hey
21815,Hey
21829,Hey
21830,Hey
21852,Hey
21858,Hey
21924,Hey
21932,Hey
21956,Hey
21989,Hey
22004,Hey
22008,Hey
22019,Hey
22027,Hey
22032,Hey
22059,Hey
22063,Hey
22063,Hey
22066,Hey
22070,Hey
22075,Hey
22086,Hey
22127,Hey
22134,Hey
22135,Hey
22164,Hey
22166,Hey
22170,Hey
22173,Hey
22176,Hey
22187,Hey
22212,Hey
22216,Hey
22226,Hey
22229,Hey
22256,Hey
22266,Hey
22267,Hey
22280,Hey
22285,Hey
22286,Hey
22303,Hey
22314,Hey
22330,Hey
22335,Hey
22339,Hey
22344,Hey
22355,Hey
22358,Hey
22361,Hey
22385,Hey
22389,Hey
22397,Hey
22399,Hey
22410,Hey
22420,Hey
22431,Hey
22434,Hey
22440,Hey
22444,Hey
22483,Hey
22483,Hey
22486,Hey
22499,Hey
22510,Hey
22526,Hey
22533,Hey
22538,Hey
22539,Hey
22571,Hey
22575,Hey
22578,Hey
22583,Hey
22584,Hey
22585,Hey
22588,Hey
22591,Hey
22594,Hey
22595,Hey
22602,Hey
22627,Hey
22643,Hey
22661,Hey
22668,Hey
22671,Hey
22697,Hey
22739,Hey
22769,Hey
22806,Hey
22814,Hey
22826,Hey
22829,Hey
22856,Hey
22868,Hey
22878,Hey
22885,Hey
22888,Hey
22895,Hey
22912,Hey
22919,Hey
22920,Hey
22933,Hey
22934,Hey
22944,Hey
22996,Hey
22998,Hey
23003,Hey
23009,Hey
23012,Hey
23042,Hey
23047,Hey
23048,Hey
23064,Hey
23065,Hey
23066,Hey
23077,Hey
23080,Hey
23086,Hey
23087,Hey
23098,Hey
23109,Hey
23111,Hey
23120,Hey
23130,Hey
23139,Hey
23144,Hey
23145,Hey
23146,Hey
23146,Hey
23151,Hey
23151,Hey
23153,Hey
23157,Hey
23159,Hey
23165,Hey
23196,Hey
23203,Hey
23225,Hey
23229,Hey
23244,Hey
23250,Hey
23254,Hey
23256,Hey
23262,Hey
23283,Hey
23284,Hey
23286,Hey
23288,Hey
23305,Hey
23312,Hey
23314,Hey
23326,Hey
23333,Hey
23351,Hey
23363,Hey
23393,Hey
23465,Hey
23483,Hey
23490,Hey
23492,Hey
23501,Hey
23513,Hey
23516,Hey
23525,Hey
23529,Hey
23531,Hey
23550,Hey
23553,Hey
23571,Hey
23571,Hey
23573,Hey
23588,Hey
23588,Hey
23603,Hey
23620,Hey
23628,Hey
23635,Hey
23638,Hey
23640,Hey
23649,Hey
23681,Hey
23685,Hey
23750,Hey
23759,Hey
23775,Hey
23797,Hey
23835,Hey
23836,Hey
23851,Hey
23852,Hey
23870,Hey
23886,Hey
23894,Hey
23897,Hey
23904,Hey
23921,Hey
23923,Hey
23925,Hey
23928,Hey
23941,Hey
23950,Hey
23953,Hey
23981,Hey
23983,Hey
24026,Hey
24068,Hey
24086,Hey
24092,Hey
24093,Hey
24101,Hey
24104,Hey
24163,Hey
24170,Hey
24196,Hey
24197,Hey
24225,Hey
24227,Hey
24252,Hey
24255,Hey
24279,Hey
24286,Hey
24294,Hey
24325,Hey
24337,Hey
24338,Hey
24364,Hey
24376,Hey
24402,Hey
24407,Hey
24427,Hey
24474,Hey
24474,Hey
24488,Hey
24493,Hey
24509,Hey
24515,Hey
24529,Hey
24537,Hey
24540,Hey
24547,Hey
24559,Hey
24571,Hey
24579,Hey
24603,Hey
24610,Hey
24611,Hey
24614,Hey
24640,Hey
24644,Hey
24663,Hey
24668,Hey
24683,Hey
24693,Hey
24715,Hey
24739,Hey
24773,Hey
24788,Hey
24808,Hey
24809,Hey
24816,Hey
24818,Hey
24819,Hey
24843,Hey
24891,Hey
24901,Hey
24906,Hey
24913,Hey
24925,Hey
24952,Hey
24954,Hey
24983,Hey
24994,Hey
25001,Hey
25002,Hey
25013,Hey
25018,Hey
25021,Hey
25051,Hey
25052,Hey
25074,Hey
25076,Hey
25083,Hey
25093,Hey
25094,Hey
25098,Hey
25100,Hey
25112,Hey
25112,Hey
25119,Hey
25121,Hey
25127,Hey
25144,Hey
25173,Hey
25189,Hey
25194,Hey
25196,Hey
25198,Hey
25207,Hey
25212,Hey
25233,Hey
25238,Hey
25254,Hey
25255,Hey
25285,Hey
25305,Hey
25313,Hey
25319,Hey
25336,Hey
25343,Hey
25344,Hey
25347,Hey
25347,Hey
25366,Hey
25371,Hey
25391,Hey
25392,Hey
25460,Hey
25467,Hey
25483,Hey
25498,Hey
25506,Hey
25508,Hey
25518,Hey
25521,Hey
25522,Hey
25562,Hey
25591,Hey
25615,Hey
25647,Hey
25673,Hey
25682,Hey
25688,Hey
25698,Hey
25707,Hey
25723,Hey
25735,Hey
25737,Hey
25738,Hey
25744,Hey
25745,Hey
25753,Hey
25780,Hey
25784,Hey
25787,Hey
25789,Hey
25836,Hey
25845,Hey
25870,Hey
25889,Hey
25904,Hey
25906,Hey
25910,Hey
25938,Hey
25955,Hey
25956,Hey
25959,Hey
25968,Hey
25986,Hey
25992,Hey
26036,Hey
26039,Hey
26044,Hey
26046,Hey
26073,Hey
26081,Hey
26091,Hey
26106,Hey
26122,Hey
26128,Hey
26132,Hey
26144,Hey
26146,Hey
26153,Hey
26157,Hey
26158,Hey
26173,Hey
26175,Hey
26182,Hey
26192,Hey
26212,Hey
26213,Hey
26229,Hey
26249,Hey
26259,Hey
26261,Hey
26281,Hey
26293,Hey
26311,Hey
26311,Hey
26312,Hey
26316,Hey
26318,Hey
26340,Hey
26342,Hey
26418,Hey
26425,Hey
26450,Hey
26459,Hey
26466,Hey
26467,Hey
26482,Hey
26492,Hey
26505,Hey
26531,Hey
26536,Hey
26614,Hey
26659,Hey
26689,Hey
26692,Hey
26711,Hey
26722,Hey
26733,Hey
26740,Hey
26746,Hey
26755,Hey
26766,Hey
26772,Hey
26780,Hey
26841,Hey
26844,Hey
26849,Hey
26859,Hey
26873,Hey
26890,Hey
26909,Hey
26925,Hey
26928,Hey
26956,Hey
26970,Hey
26997,Hey
27001,Hey
27020,Hey
27059,Hey
27072,Hey
27073,Hey
27147,Hey
27153,Hey
27157,Hey
27159,Hey
27168,Hey
27174,Hey
27216,Hey
27219,Hey
27223,Hey
27242,Hey
27277,Hey
27286,Hey
27297,Hey
27307,Hey
27310,Hey
27391,Hey
27406,Hey
27408,Hey
27443,Hey
27450,Hey
27451,Hey
27482,Hey
27486,Hey
27495,Hey
27532,Hey
27555,Hey
27607,Hey
27622,Hey
27641,Hey
27655,Hey
27679,Hey
27685,Hey
27689,Hey
27690,Hey
27712,Hey
27729,Hey
27731,Hey
27753,Hey
27763,Hey
27763,Hey
27829,Hey
27838,Hey
27843,Hey
27878,Hey
27886,Hey
27903,Hey
27904,Hey
27919,Hey
27975,Hey
27976,Hey
28027,Hey
28051,Hey
28059,Hey
28069,Hey
28076,Hey
28087,Hey
28087,Hey
28131,Hey
28138,Hey
28142,Hey
28185,Hey
28197,Hey
28239,Hey
28264,Hey
28297,Hey
28300,Hey
28312,Hey
28319,Hey
28328,Hey
28338,Hey
28373,Hey
28389,Hey
28397,Hey
28399,Hey
28415,Hey
28418,Hey
28432,Hey
28455,Hey
28541,Hey
28556,Hey
28559,Hey
28569,Hey
28595,Hey
28609,Hey
28610,Hey
28612,Hey
28651,Hey
28706,Hey
28707,Hey
28768,Hey
28771,Hey
28786,Hey
28796,Hey
28813,Hey
28818,Hey
28831,Hey
28838,Hey
28860,Hey
28900,Hey
28946,Hey
28952,Hey
28960,Hey
28964,Hey
28965,Hey
28966,Hey
28969,Hey
28971,Hey
29007,Hey
29047,Hey
29067,Hey
29070,Hey
29077,Hey
29079,Hey
29096,Hey
29102,Hey
29103,Hey
29135,Hey
29140,Hey
29141,Hey
29151,Hey
29178,Hey
29191,Hey
29192,Hey
29215,Hey
29232,Hey
29266,Hey
29270,Hey
29285,Hey
29299,Hey
29325,Hey
29358,Hey
29390,Hey
29391,Hey
29474,Hey
29494,Hey
29521,Hey
29523,Hey
29527,Hey
29550,Hey
29576,Hey
29584,Hey
29586,Hey
29599,Hey
29625,Hey
29643,Hey
29651,Hey
29652,Hey
29670,Hey
29688,Hey
30783,Hey
30785,Hey
30806,Hey
30809,Hey
30812,Hey
30830,Hey
30898,Hey
30907,Hey
30913,Hey
30923,Hey
30948,Hey
30952,Hey
30972,Hey
30975,Hey
30978,Hey
30980,Hey
30990,Hey
30990,Hey
31032,Hey
31042,Hey
31044,Hey
31070,Hey
31076,Hey
31095,Hey
31135,Hey
31135,Hey
31140,Hey
31171,Hey
31183,Hey
31235,Hey
31239,Hey
31250,Hey
31251,Hey
31277,Hey
31277,Hey
31308,Hey
31312,Hey
31321,Hey
31358,Hey
31374,Hey
32394,Hey
32428,Hey
32477,Hey
32487,Hey
32533,Hey
32546,Hey
32558,Hey
32570,Hey
32572,Hey
32583,Hey
32588,Hey
32602,Hey
32602,Hey
32652,Hey
32655,Hey
32675,Hey
32711,Hey
32728,Hey
32744,Hey
32749,Hey
32755,Hey
32764,Hey
32775,Hey
32793,Hey
32794,Hey
32844,Hey
32849,Hey
32870,Hey
32882,Hey
32884,Hey
32886,Hey
32908,Hey
32918,Hey
32919,Hey
32987,Hey
33003,Hey
33005,Hey
33013,Hey
33016,Hey
33066,Hey
33068,Hey
33100,Hey
33105,Hey
33113,Hey
33115,Hey
33116,Hey
33120,Hey
33124,Hey
33162,Hey
33163,Hey
33169,Hey
33171,Hey
33174,Hey
33176,Hey
33181,Hey
33191,Hey
33194,Hey
33202,Hey
33205,Hey
33224,Hey
33228,Hey
33239,Hey
33240,Hey
33249,Hey
33254,Hey
33258,Hey
33275,Hey
33280,Hey
33296,Hey
33315,Hey
33317,Hey
33340,Hey
33342,Hey
33343,Hey
33344,Hey
33348,Hey
33358,Hey
33363,Hey
33366,Hey
33368,Hey
33370,Hey
33378,Hey
33399,Hey
33400,Hey
33401,Hey
33401,Hey
33401,Hey
33403,Hey
33412,Hey
33418,Hey
33418,Hey
33419,Hey
33420,Hey
33432,Hey
33442,Hey
33443,Hey
33448,Hey
33464,Hey
33478,Hey
33493,Hey
33516,Hey
33529,Hey
33531,Hey
33535,Hey
33538,Hey
33541,Hey
33543,Hey
33543,Hey
33551,Hey
33567,Hey
33584,Hey
33588,Hey
33598,Hey
33601,Hey
33602,Hey
33632,Hey
33638,Hey
33649,Hey
33670,Hey
33679,Hey
33690,Hey
33698,Hey
33723,Hey
33738,Hey
33754,Hey
33760,Hey
33767,Hey
33772,Hey
33804,Hey
33824,Hey
33828,Hey
33868,Hey
33872,Hey
33878,Hey
33885,Hey
33909,Hey
33915,Hey
33922,Hey
33935,Hey
33940,Hey
33954,Hey
33955,Hey
33958,Hey
33992,Hey
33998,Hey
34000,Hey
34012,Hey
34014,Hey
34020,Hey
34032,Hey
34036,Hey
34037,Hey
34055,Hey
34064,Hey
34065,Hey
34071,Hey
34073,Hey
34080,Hey
34081,Hey
34093,Hey
34099,Hey
34100,Hey
34103,Hey
34112,Hey
34114,Hey
34121,Hey
34133,Hey
34148,Hey
34149,Hey
34172,Hey
34185,Hey
34189,Hey
34196,Hey
34201,Hey
34212,Hey
34222,Hey
34226,Hey
34268,Hey
34273,Hey
34286,Hey
34289,Hey
34302,Hey
34326,Hey
34335,Hey
34343,Hey
34344,Hey
34348,Hey
34349,Hey
34357,Hey
34362,Hey
34363,Hey
34411,Hey
34420,Hey
34422,Hey
34431,Hey
34432,Hey
34442,Hey
34443,Hey
34448,Hey
34465,Hey
34480,Hey
34485,Hey
34487,Hey
34510,Hey
34513,Hey
34516,Hey
34530,Hey
34549,Hey
34564,Hey
34585,Hey
34594,Hey
34595,Hey
34596,Hey
34596,Hey
34600,Hey
34605,Hey
34606,Hey
34625,Hey
34627,Hey
34629,Hey
34630,Hey
34644,Hey
34651,Hey
34659,Hey
34674,Hey
34681,Hey
34699,Hey
34704,Hey
34719,Hey
34753,Hey
34774,Hey
34775,Hey
34779,Hey
34780,Hey
34785,Hey
34790,Hey
34798,Hey
34800,Hey
34813,Hey
34816,Hey
34818,Hey
34828,Hey
34832,Hey
34844,Hey
34848,Hey
34853,Hey
34857,Hey
34859,Hey
34879,Hey
34904,Hey
34907,Hey
34927,Hey
34936,Hey
34942,Hey
34946,Hey
34956,Hey
34995,Hey
35011,Hey
35046,Hey
35059,Hey
35060,Hey
35061,Hey
35067,Hey
35068,Hey
35077,Hey
35093,Hey
35097,Hey
35105,Hey
35106,Hey
35112,Hey
35126,Hey
35129,Hey
35147,Hey
35151,Hey
35160,Hey
35163,Hey
35179,Hey
35189,Hey
35200,Hey
35204,Hey
35219,Hey
35220,Hey
35222,Hey
35227,Hey
35234,Hey
35240,Hey
35242,Hey
35253,Hey
35264,Hey
35285,Hey
35292,Hey
35301,Hey
35307,Hey
35326,Hey
35330,Hey
35345,Hey
35348,Hey
35348,Hey
35352,Hey
35366,Hey
35367,Hey
35369,Hey
35372,Hey
35375,Hey
35376,Hey
35378,Hey
35385,Hey
35405,Hey
35419,Hey
35423,Hey
35436,Hey
35440,Hey
35443,Hey
35465,Hey
35473,Hey
35480,Hey
35484,Hey
35488,Hey
35502,Hey
35510,Hey
35517,Hey
35523,Hey
35542,Hey
35557,Hey
35572,Hey
35588,Hey
35606,Hey
35613,Hey
35618,Hey
35618,Hey
35633,Hey
35634,Hey
35638,Hey
35650,Hey
35651,Hey
35657,Hey
35659,Hey
35687,Hey
35688,Hey
35702,Hey
35714,Hey
35731,Hey
35732,Hey
35747,Hey
35747,Hey
35748,Hey
35748,Hey
35759,Hey
35771,Hey
35773,Hey
35779,Hey
35784,Hey
35785,Hey
35815,Hey
35816,Hey
35836,Hey
35837,Hey
35867,Hey
35901,Hey
35907,Hey
35913,Hey
35914,Hey
35930,Hey
35931,Hey
35934,Hey
35941,Hey
35945,Hey
35958,Hey
36001,Hey
36018,Hey
36036,Hey
36039,Hey
36047,Hey
36052,Hey
36056,Hey
36058,Hey
36070,Hey
36091,Hey
36102,Hey
36109,Hey
36123,Hey
36130,Hey
36143,Hey
36202,Hey
36216,Hey
36224,Hey
36250,Hey
36250,Hey
36264,Hey
36266,Hey
36278,Hey
36288,Hey
36292,Hey
36304,Hey
36314,Hey
36321,Hey
36324,Hey
36339,Hey
36344,Hey
36369,Hey
36380,Hey
36381,Hey
36386,Hey
36388,Hey
36392,Hey
36395,Hey
36397,Hey
36428,Hey
36438,Hey
36443,Hey
36449,Hey
36453,Hey
36454,Hey
36460,Hey
36462,Hey
36472,Hey
36474,Hey
36481,Hey
36494,Hey
36503,Hey
36519,Hey
36526,Hey
36546,Hey
36549,Hey
36550,Hey
36561,Hey
36562,Hey
36564,Hey
36564,Hey
36570,Hey
36573,Hey
36583,Hey
36597,Hey
36604,Hey
36606,Hey
36607,Hey
36614,Hey
36630,Hey
36634,Hey
36648,Hey
36660,Hey
36664,Hey
36677,Hey
36686,Hey
36689,Hey
36695,Hey
36700,Hey
36703,Hey
36704,Hey
36716,Hey
36728,Hey
36736,Hey
36749,Hey
36750,Hey
36764,Hey
36768,Hey
36776,Hey
36781,Hey
36782,Hey
36788,Hey
36803,Hey
36804,Hey
36806,Hey
36826,Hey
36827,Hey
36829,Hey
36838,Hey
36839,Hey
36845,Hey
36846,Hey
36850,Hey
36857,Hey
36873,Hey
36875,Hey
36891,Hey
36901,Hey
36906,Hey
36908,Hey
36912,Hey
36921,Hey
36934,Hey
36945,Hey
36952,Hey
36977,Hey
36981,Hey
36988,Hey
36995,Hey
36997,Hey
36998,Hey
36999,Hey
37000,Hey
37011,Hey
37013,Hey
37020,Hey
37022,Hey
37027,Hey
37028,Hey
37029,Hey
37033,Hey
37034,Hey
37035,Hey
37057,Hey
37082,Hey
37085,Hey
37085,Hey
37098,Hey
37100,Hey
37108,Hey
37115,Hey
37116,Hey
37117,Hey
37124,Hey
37127,Hey
37130,Hey
37134,Hey
37155,Hey
37159,Hey
37168,Hey
37170,Hey
37172,Hey
37176,Hey
37181,Hey
37198,Hey
37209,Hey
37228,Hey
37244,Hey
37260,Hey
37268,Hey
37272,Hey
37284,Hey
37290,Hey
37293,Hey
37302,Hey
37308,Hey
37320,Hey
37323,Hey
37343,Hey
37356,Hey
37358,Hey
37364,Hey
37364,Hey
37371,Hey
37383,Hey
37384,Hey
37385,Hey
37387,Hey
37396,Hey
37407,Hey
37411,Hey
37415,Hey
37417,Hey
37425,Hey
37435,Hey
37469,Hey
37473,Hey
37475,Hey
37488,Hey
37489,Hey
37492,Hey
37510,Hey
37524,Hey
37529,Hey
37530,Hey
37546,Hey
37548,Hey
37564,Hey
37575,Hey
37581,Hey
37590,Hey
37591,Hey
37606,Hey
37616,Hey
37635,Hey
37644,Hey
37644,Hey
37645,Hey
37672,Hey
37681,Hey
37695,Hey
37719,Hey
37723,Hey
37750,Hey
37759,Hey
37769,Hey
37770,Hey
37778,Hey
37780,Hey
37788,Hey
37790,Hey
37802,Hey
37815,Hey
37819,Hey
37827,Hey
37828,Hey
37830,Hey
37836,Hey
37837,Hey
37848,Hey
37858,Hey
37881,Hey
37886,Hey
37892,Hey
37914,Hey
37920,Hey
37930,Hey
37939,Hey
37940,Hey
37941,Hey
37944,Hey
37950,Hey
37956,Hey
37961,Hey
37965,Hey
37971,Hey
37980,Hey
38015,Hey
38030,Hey
38031,Hey
38040,Hey
38041,Hey
38074,Hey
38075,Hey
38077,Hey
38084,Hey
38087,Hey
38090,Hey
38091,Hey
38093,Hey
38101,Hey
38126,Hey
38141,Hey
38160,Hey
38166,Hey
38183,Hey
38186,Hey
38207,Hey
38208,Hey
38213,Hey
38215,Hey
38222,Hey
38226,Hey
38253,Hey
38255,Hey
38260,Hey
38264,Hey
38271,Hey
38281,Hey
38287,Hey
38299,Hey
38302,Hey
38343,Hey
38359,Hey
38360,Hey
38361,Hey
38372,Hey
38375,Hey
38387,Hey
38388,Hey
38397,Hey
38398,Hey
38399,Hey
38403,Hey
38411,Hey
38412,Hey
38421,Hey
38423,Hey
38425,Hey
38426,Hey
38430,Hey
38431,Hey
38432,Hey
38434,Hey
38440,Hey
38443,Hey
38444,Hey
38452,Hey
38453,Hey
38455,Hey
38455,Hey
38463,Hey
38466,Hey
38468,Hey
38471,Hey
38476,Hey
38479,Hey
38485,Hey
38489,Hey
38505,Hey
38522,Hey
38523,Hey
38528,Hey
38529,Hey
38531,Hey
38532,Hey
38542,Hey
38568,Hey
38572,Hey
38579,Hey
38580,Hey
38590,Hey
38615,Hey
38618,Hey
38619,Hey
38646,Hey
38685,Hey
38686,Hey
38689,Hey
38697,Hey
38702,Hey
38714,Hey
38731,Hey
38742,Hey
38745,Hey
38748,Hey
38763,Hey
38770,Hey
38771,Hey
38775,Hey
38779,Hey
38785,Hey
38809,Hey
38817,Hey
38818,Hey
38826,Hey
38837,Hey
38842,Hey
38849,Hey
38853,Hey
38858,Hey
38862,Hey
38863,Hey
38880,Hey
38887,Hey
38897,Hey
38900,Hey
38912,Hey
38922,Hey
38930,Hey
38931,Hey
38932,Hey
38939,Hey
38943,Hey
38947,Hey
38958,Hey
38966,Hey
38980,Hey
38981,Hey
38988,Hey
38996,Hey
39007,Hey
39008,Hey
39031,Hey
39033,Hey
39034,Hey
39042,Hey
39052,Hey
39059,Hey
39062,Hey
39094,Hey
39114,Hey
39125,Hey
39138,Hey
39149,Hey
39172,Hey
39173,Hey
39177,Hey
39178,Hey
39182,Hey
39186,Hey
39190,Hey
39198,Hey
39199,Hey
39202,Hey
39204,Hey
39205,Hey
39206,Hey
39207,Hey
39215,Hey
39219,Hey
39233,Hey
39244,Hey
39255,Hey
39260,Hey
39264,Hey
39269,Hey
39270,Hey
39272,Hey
39281,Hey
39294,Hey
39301,Hey
39302,Hey
39309,Hey
39316,Hey
39323,Hey
39330,Hey
39333,Hey
39338,Hey
39340,Hey
39344,Hey
39349,Hey
39353,Hey
39364,Hey
39365,Hey
39369,Hey
39370,Hey
39373,Hey
39394,Hey
39396,Hey
39397,Hey
39402,Hey
39415,Hey
39418,Hey
39419,Hey
39434,Hey
39435,Hey
39448,Hey
39450,Hey
39462,Hey
39480,Hey
39482,Hey
39495,Hey
39497,Hey
39500,Hey
39502,Hey
39507,Hey
39544,Hey
39546,Hey
39548,Hey
39563,Hey
39568,Hey
39626,Hey
39626,Hey
39632,Hey
39680,Hey
39686,Hey
39718,Hey
39723,Hey
39729,Hey
39737,Hey
39738,Hey
39775,Hey
39785,Hey
39801,Hey
39811,Hey
39822,Hey
39832,Hey
39847,Hey
39860,Hey
39879,Hey
39884,Hey
39890,Hey
39891,Hey
39892,Hey
39903,Hey
39904,Hey
39910,Hey
39915,Hey
39917,Hey
39922,Hey
39929,Hey
39930,Hey
39960,Hey
39962,Hey
39963,Hey
39967,Hey
39968,Hey
39988,Hey
39989,Hey
40003,Hey
40006,Hey
40044,Hey
40046,Hey
40062,Hey
40066,Hey
40073,Hey
40085,Hey
40091,Hey
40108,Hey
40109,Hey
40113,Hey
40121,Hey
40122,Hey
40137,Hey
40145,Hey
40157,Hey
40159,Hey
40160,Hey
40178,Hey
40179,Hey
40187,Hey
40191,Hey
40192,Hey
40195,Hey
40226,Hey
40246,Hey
40257,Hey
40258,Hey
40266,Hey
40270,Hey
40274,Hey
40282,Hey
40284,Hey
40285,Hey
40301,Hey
40310,Hey
40312,Hey
40321,Hey
40332,Hey
40335,Hey
40342,Hey
40345,Hey
40349,Hey
40350,Hey
40351,Hey
40356,Hey
40358,Hey
40361,Hey
40363,Hey
40365,Hey
40375,Hey
40381,Hey
40384,Hey
40423,Hey
40433,Hey
40441,Hey
40443,Hey
40457,Hey
40458,Hey
40461,Hey
40465,Hey
40470,Hey
40474,Hey
40485,Hey
40490,Hey
40494,Hey
40496,Hey
40497,Hey
40499,Hey
40500,Hey
40500,Hey
40504,Hey
40506,Hey
40512,Hey
40518,Hey
40524,Hey
40525,Hey
40531,Hey
40533,Hey
40553,Hey
40557,Hey
40571,Hey
40577,Hey
40583,Hey
40601,Hey
40608,Hey
40615,Hey
40622,Hey
40626,Hey
40640,Hey
40640,Hey
40650,Hey
40654,Hey
40666,Hey
40669,Hey
40680,Hey
40715,Hey
40733,Hey
40760,Hey
40770,Hey
40777,Hey
40795,Hey
40801,Hey
40812,Hey
40813,Hey
40827,Hey
40832,Hey
40868,Hey
40881,Hey
40883,Hey
40888,Hey
40900,Hey
40910,Hey
40913,Hey
41951,Hey
41952,Hey
41955,Hey
41957,Hey
41971,Hey
41973,Hey
41973,Hey
41979,Hey
41985,Hey
41999,PS1
42000,PS1
42002,PS1
42007,PS1
42015,PS1
42018,PS1
42021,PS1
42029,PS1
42048,PS1
42058,PS1
42068,PS1
42069,PS1
42089,PS1
42094,PS1
42101,PS1
42171,PS1
42172,PS1
42202,PS1
42204,PS1
42214,PS1
42216,PS1
42268,PS1
42275,PS1
42278,PS1
42281,PS1
42283,PS1
42284,PS1
42287,PS1
42291,PS1
42302,PS1
42315,PS1
42326,PS1
42330,PS1
42334,PS1
42344,PS1
42351,PS1
42352,PS1
42365,PS1
42367,PS1
42383,PS1
42384,PS1
42386,PS1
42389,PS1
42400,PS1
42431,PS1
42432,PS1
42443,PS1
42445,PS1
42464,PS1
42470,PS1
42485,PS1
42518,PS1
42530,PS1
42567,PS1
42573,PS1
42573,PS1
42580,PS1
42610,PS1
42612,PS1
42616,PS1
42619,PS1
42624,PS1
42631,PS1
42633,PS1
42657,PS1
42663,PS1
42679,PS1
42679,PS1
42688,PS1
42706,PS1
42708,PS1
42709,PS1
42710,PS1
42713,PS1
42722,PS1
42729,PS1
42733,PS1
42734,PS1
42735,PS1
42741,PS1
42767,PS1
42770,PS1
42773,PS1
42778,PS1
42778,PS1
42799,PS1
42829,PS1
42831,PS1
42833,PS1
42839,PS1
42846,PS1
42847,PS1
42860,PS1
42862,PS1
42879,PS1
42880,PS1
42886,PS1
42921,PS1
42922,PS1
42922,PS1
42929,PS1
42931,PS1
42936,PS1
42937,PS1
42945,PS1
42953,PS1
42961,PS1
42968,PS1
42971,PS1
42988,PS1
42997,PS1
43000,PS1
43001,PS1
43025,PS1
43033,PS1
43041,PS1
43062,PS1
43066,PS1
43080,PS1
43083,PS1
43094,PS1
43098,PS1
43122,PS1
43132,PS1
43140,PS1
43143,PS1
43175,PS1
43191,PS1
43202,PS1
43208,PS1
43243,PS1
43249,PS1
43252,PS1
43263,PS1
43264,PS1
43274,PS1
43296,PS1
43304,PS1
43311,PS1
43316,PS1
43317,PS1
43335,PS1
43346,PS1
43373,PS1
43393,PS1
43413,PS1
43420,PS1
43430,PS1
43430,PS1
43436,PS1
43439,PS1
43440,PS1
43441,PS1
43446,PS1
43448,PS1
43456,PS1
43468,PS1
43470,PS1
43527,PS1
43529,PS1
43544,PS1
43547,PS1
43575,PS1
43583,PS1
43587,PS1
43588,PS1
43590,PS1
43601,PS1
43624,PS1
43641,PS1
43646,PS1
43650,PS1
43653,PS1
43655,PS1
43663,PS1
43665,PS1
43672,PS1
43678,PS1
43680,PS1
43692,PS1
43695,PS1
43704,PS1
43717,PS1
43719,PS1
43741,PS1
43748,PS1
43754,PS1
43761,PS1
43762,PS1
43792,PS1
43799,PS1
43811,PS1
43812,PS1
43825,PS1
43829,PS1
43834,PS1
43840,PS1
43841,PS1
43848,PS1
43849,PS1
43849,PS1
43851,PS1
43852,PS1
43858,PS1
43858,PS1
43863,PS1
43865,PS1
43869,PS1
43872,PS1
43874,PS1
43887,PS1
43890,PS1
43898,PS1
43911,PS1
43912,PS1
43943,PS1
43955,PS1
43960,PS1
43966,PS1
43967,PS1
43968,PS1
43979,PS1
43983,PS1
43988,PS1
43995,PS1
43998,PS1
44004,PS1
44031,PS1
44039,PS1
44042,PS1
44048,PS1
44069,PS1
44075,PS1
44090,PS1
44091,PS1
44096,PS1
44103,PS1
44114,PS1
44117,PS1
44122,PS1
44127,PS1
44141,PS1
44161,PS1
44178,PS1
44188,PS1
44193,PS1
44197,PS1
44209,PS1
44216,PS1
44218,PS1
44227,PS1
44232,PS1
44234,PS1
44238,PS1
44243,PS1
44245,PS1
44248,PS1
44261,PS1
44277,PS1
44287,PS1
44289,PS1
44293,PS1
44296,PS1
44298,PS1
44304,PS1
44306,PS1
44314,PS1
44333,PS1
44333,PS1
44333,PS1
44373,PS1
44408,PS1
44415,PS1
44418,PS1
44420,PS1
44431,PS1
44433,PS1
44438,PS1
44469,PS1
44484,PS1
44486,PS1
44503,PS1
44518,PS1
44523,PS1
44537,PS1
44551,PS1
44561,PS1
44564,PS1
44575,PS1
44576,PS1
44577,PS1
44582,PS1
44584,PS1
44589,PS1
44591,PS1
44606,PS1
44608,PS1
44609,PS1
44622,PS1
44644,PS1
44645,PS1
44650,PS1
44657,PS1
44674,PS1
44676,PS1
44681,PS1
44693,PS1
44694,PS1
44703,PS1
44718,PS1
44722,PS1
44723,PS1
44729,PS1
44731,PS1
44734,PS1
44741,PS1
44754,PS1
44762,PS1
44772,PS1
44782,PS1
44786,PS1
44787,PS1
44788,PS1
44792,PS1
44800,PS1
44801,PS1
44804,PS1
44810,PS1
44816,PS1
44822,PS1
44833,PS1
44837,PS1
44842,PS1
44863,PS1
44879,PS1
44881,PS1
44887,PS1
44891,PS1
44892,PS1
44900,PS1
44937,PS1
44938,PS1
44940,PS1
44948,PS1
44951,PS1
44954,PS1
44956,PS1
44960,PS1
44962,PS1
44962,PS1
44966,PS1
44967,PS1
44978,PS1
44985,PS1
44989,PS1
44997,PS1
45013,PS1
45014,PS1
45026,PS1
45031,PS1
45032,PS1
45033,PS1
45034,PS1
45035,PS1
45039,PS1
45041,PS1
45067,PS1
45072,PS1
45080,PS1
45086,PS1
45087,PS1
45092,PS1
45094,PS1
45100,PS1
45114,PS1
45123,PS1
45128,PS1
45139,PS1
45153,PS1
45177,PS1
45178,PS1
45185,PS1
45193,PS1
45198,PS1
45204,PS1
45208,PS1
45222,PS1
45231,PS1
45242,PS1
45248,PS1
45251,PS1
45253,PS1
45256,PS1
45261,PS1
45268,PS1
45277,PS1
45278,PS1
45321,PS1
45328,PS1
45351,PS1
45378,PS1
45389,PS1
45407,PS1
45411,PS1
45414,PS1
45418,PS1
45424,PS1
45425,PS1
45428,PS1
45431,PS1
45440,PS1
45444,PS1
45446,PS1
45446,PS1
45450,PS1
45451,PS1
45453,PS1
45454,PS1
45457,PS1
45463,PS1
45474,PS1
45476,PS1
45481,PS1
45482,PS1
45499,PS1
45526,PS1
45532,PS1
45534,PS1
45547,PS1
45560,PS1
45576,PS1
45577,PS1
45578,PS1
45580,PS1
45582,PS1
45584,PS1
45597,PS1
45600,PS1
45603,PS1
45607,PS1
45609,PS1
45610,PS1
45613,PS1
45624,PS1
45625,PS1
45626,PS1
45634,PS1
45640,PS1
45641,PS1
45653,PS1
45665,PS1
45666,PS1
45667,PS1
45674,PS1
45675,PS1
45679,PS1
45688,PS1
45706,PS1
45712,PS1
45714,PS1
45715,PS1
45720,PS1
45723,PS1
45757,PS1
45772,PS1
45778,PS1
45805,PS1
45812,PS1
45821,PS1
45822,PS1
45832,PS1
45840,PS1
45854,PS1
45856,PS1
45861,PS1
45862,PS1
45870,PS1
45887,PS1
45893,PS1
45897,PS1
45903,PS1
45905,PS1
45919,PS1
45923,PS1
45924,PS1
45930,PS1
45939,PS1
45954,PS1
45966,PS1
45968,PS1
45969,PS1
45978,PS1
45979,PS1
45982,PS1
45983,PS1
46010,PS1
46036,PS1
46042,PS1
46065,PS1
46066,PS1
46071,PS1
46071,PS1
46081,PS1
46084,PS1
46093,PS1
46097,PS1
46099,PS1
46101,PS1
46109,PS1
46112,PS1
46115,PS1
46135,PS1
46139,PS1
46141,PS1
46146,PS1
46160,PS1
46160,PS1
46178,PS1
46185,PS1
46199,PS1
46226,PS1
46228,PS1
46229,PS1
46231,PS1
46232,PS1
46240,PS1
46247,PS1
46248,PS1
46249,PS1
46250,PS1
46258,PS1
46259,PS1
46263,PS1
46264,PS1
46286,PS1
46290,PS1
46308,PS1
46310,PS1
46325,PS1
46330,PS1
46348,PS1
46362,PS1
46366,PS1
46372,PS1
46376,PS1
46377,PS1
46381,PS1
46384,PS1
46391,PS1
46395,PS1
46402,PS1
46404,PS1
46410,PS1
46422,PS1
46426,PS1
46429,PS1
46454,PS1
46455,PS1
46456,PS1
46462,PS1
46464,PS1
46466,PS1
46477,PS1
46478,PS1
46479,PS1
46487,PS1
46499,PS1
46515,PS1
46518,PS1
46521,PS1
46526,PS1
46528,PS1
46538,PS1
46545,PS1
46551,PS1
46552,PS1
46555,PS1
46558,PS1
46566,PS1
46567,PS1
46571,PS1
46583,PS1
46593,PS1
46596,PS1
46624,PS1
46640,PS1
46656,PS1
46674,PS1
46680,PS1
46681,PS1
46684,PS1
46688,PS1
46689,PS1
46703,PS1
46712,PS1
46714,PS1
46716,PS1
46719,PS1
46726,PS1
46737,PS1
46741,PS1
46744,PS1
46747,PS1
46753,PS1
46755,PS1
46762,PS1
46790,PS1
46794,PS1
46805,PS1
46810,PS1
46816,PS1
46824,PS1
46827,PS1
46831,PS1
46840,PS1
46848,PS1
46859,PS1
46861,PS1
46874,PS1
46877,PS1
46899,PS1
46900,PS1
46911,PS1
46920,PS1
46922,PS1
46951,PS1
46960,PS1
46961,PS1
46973,PS1
46975,PS1
46976,PS1
46978,PS1
46989,PS1
46991,PS1
47004,PS1
47004,PS1
47011,PS1
47012,PS1
47018,PS1
47021,PS1
47026,PS1
47034,PS1
47035,PS1
47045,PS1
47068,PS1
47082,PS1
47086,PS1
47091,PS1
47094,PS1
47095,PS1
47097,PS1
47111,PS1
47117,PS1
47119,PS1
47121,PS1
47128,PS1
47135,PS1
47137,PS1
47139,PS1
47146,PS1
47147,PS1
47147,PS1
47152,PS1
47155,PS1
47156,PS1
47161,PS1
47165,PS1
47179,PS1
47184,PS1
47196,PS1
47201,PS1
47214,PS1
47215,PS1
47216,PS1
47229,PS1
47239,PS1
47243,PS1
47254,PS1
47276,PS1
47279,PS1
47289,PS1
47290,PS1
47310,PS1
47311,PS1
47314,PS1
47317,PS1
47334,PS1
47335,PS1
47338,PS1
47343,PS1
47348,PS1
47349,PS1
47354,PS1
47365,PS1
47366,PS1
47370,PS1
47383,PS1
47396,PS1
47400,PS1
47411,PS1
47415,PS1
47423,PS1
47424,PS1
47427,PS1
47431,PS1
47435,PS1
47437,PS1
47442,PS1
47443,PS1
47450,PS1
47455,PS1
47456,PS1
47457,PS1
47459,PS1
47467,PS1
47470,PS1
47472,PS1
47473,PS1
47475,PS1
47476,PS1
47492,PS1
47493,PS1
47494,PS1
47511,PS1
47523,PS1
47525,PS1
47532,PS1
47541,PS1
47543,PS1
47548,PS1
47558,PS1
47559,PS1
47561,PS1
47564,PS1
47565,PS1
47569,PS1
47571,PS1
47574,PS1
47576,PS1
47576,PS1
47577,PS1
47580,PS1
47585,PS1
47590,PS1
47600,PS1
47603,PS1
47608,PS1
47618,PS1
47629,PS1
47634,PS1
47645,PS1
47649,PS1
47657,PS1
47662,PS1
47665,PS1
47670,PS1
47675,PS1
47677,PS1
47689,PS1
47695,PS1
47700,PS1
47703,PS1
47708,PS1
47725,PS1
47731,PS1
47736,PS1
47738,PS1
47748,PS1
47749,PS1
47751,PS1
47752,PS1
47755,PS1
47757,PS1
47764,PS1
47765,PS1
47767,PS1
47777,PS1
47782,PS1
47789,PS1
47793,PS1
47800,PS1
47801,PS1
47804,PS1
47806,PS1
47813,PS1
47819,PS1
47822,PS1
47823,PS1
47824,PS1
47828,PS1
47831,PS1
47832,PS1
47835,PS1
47836,PS1
47838,PS1
47842,PS1
47849,PS1
47851,PS1
47863,PS1
47870,PS1
47891,PS1
47896,PS1
47913,PS1
47941,PS1
47999,PS1
48004,PS1
48007,PS1
48017,PS1
48034,PS1
48066,PS1
48073,PS1
48077,PS1
48095,PS1
48098,PS1
48125,PS1
48131,PS1
48135,PS1
48146,PS1
48154,PS1
48173,PS1
48181,PS1
48189,PS1
48192,PS1
48197,PS1
48201,PS1
48207,PS1
48210,PS1
48222,PS1
48229,PS1
48232,PS1
48238,PS1
48242,PS1
48246,PS1
48256,PS1
48258,PS1
48260,PS1
48263,PS1
48265,PS1
48273,PS1
48275,PS1
48276,PS1
48287,PS1
48288,PS1
48290,PS1
48294,PS1
48296,PS1
48306,PS1
48308,PS1
48314,PS1
48316,PS1
48320,PS1
48322,PS1
48327,PS1
48350,PS1
48351,PS1
48352,PS1
48353,PS1
48355,PS1
48360,PS1
48366,PS1
48379,PS1
48382,PS1
48387,PS1
48394,PS1
48403,PS1
48409,PS1
48413,PS1
48416,PS1
48423,PS1
48430,PS1
48438,PS1
48439,PS1
48440,PS1
48442,PS1
48448,PS1
48451,PS1
48452,PS1
48453,PS1
48463,PS1
48465,PS1
48469,PS1
48470,PS1
48483,PS1
48488,PS1
48503,PS1
48505,PS1
48510,PS1
48512,PS1
48513,PS1
48516,PS1
48521,PS1
48524,PS1
48529,PS1
48530,PS1
48537,PS1
48540,PS1
48541,PS1
48547,PS1
48549,PS1
48550,PS1
48553,PS1
48554,PS1
48567,PS1
48569,PS1
48574,PS1
48584,PS1
48603,PS1
48604,PS1
48606,PS1
48613,PS1
48618,PS1
48626,PS1
48628,PS1
48629,PS1
48630,PS1
48631,PS1
48633,PS1
48637,PS1
48640,PS1
48643,PS1
48644,PS1
48645,PS1
48652,PS1
48658,PS1
48659,PS1
48661,PS1
48662,PS1
48673,PS1
48675,PS1
48688,PS1
48689,PS1
48700,PS1
48702,PS1
48703,PS1
48708,PS1
48709,PS1
48710,PS1
48711,PS1
48716,PS1
48719,PS1
48721,PS1
48724,PS1
48725,PS1
48731,PS1
48737,PS1
48740,PS1
48743,PS1
48745,PS1
48747,PS1
48755,PS1
48756,PS1
48764,PS1
48771,PS1
48785,PS1
48799,PS1
48801,PS1
48812,PS1
48819,PS1
48823,PS1
48831,PS1
48841,PS1
48847,PS1
48848,PS1
48849,PS1
48853,PS1
48859,PS1
48861,PS1
48863,PS1
48865,PS1
48866,PS1
48868,PS1
48871,PS1
48880,PS1
48881,PS1
48883,PS1
48898,PS1
48904,PS1
48906,PS1
48909,PS1
48911,PS1
48916,PS1
48917,PS1
48918,PS1
48929,PS1
48937,PS1
48939,PS1
48940,PS1
48942,PS1
48943,PS1
48948,PS1
48955,PS1
48960,PS1
48965,PS1
48968,PS1
48980,PS1
48985,PS1
48988,PS1
49000,PS1
49005,PS1
49018,PS1
49037,PS1
49039,PS1
49042,PS1
49045,PS1
49047,PS1
49056,PS1
49060,PS1
49062,PS1
49066,PS1
49068,PS1
49070,PS1
49074,PS1
49081,PS1
49083,PS1
49092,PS1
49107,PS1
49123,PS1
49124,PS1
49126,PS1
49129,PS1
49131,PS1
49135,PS1
49137,PS1
49138,PS1
49145,PS1
49148,PS1
49152,PS1
49154,PS1
49160,PS1
49163,PS1
49174,PS1
49185,PS1
49188,PS1
49190,PS1
49191,PS1
49193,PS1
49195,PS1
49199,PS1
49201,PS1
49203,PS1
49204,PS1
49205,PS1
49206,PS1
49207,PS1
49212,PS1
49214,PS1
49216,PS1
49217,PS1
49218,PS1
49220,PS1
49224,PS1
49227,PS1
49228,PS1
49238,PS1
49239,PS1
49241,PS1
49242,PS1
49257,PS1
49258,PS1
49269,PS1
49283,PS1
49285,PS1
49286,PS1
49288,PS1
49295,PS1
49297,PS1
49298,PS1
49301,PS1
49302,PS1
49303,PS1
49306,PS1
49312,PS1
49319,PS1
49325,PS1
49333,PS1
49336,PS1
49351,PS1
49355,PS1
49371,PS1
49373,PS1
49375,PS1
49385,PS1
49387,PS1
49391,PS1
49399,PS1
49415,PS1
49417,PS1
49419,PS1
49421,PS1
49430,PS1
49434,PS1
49436,PS1
49446,PS1
49447,PS1
49448,PS1
49455,PS1
49456,PS1
49457,PS1
49459,PS1
49463,PS1
49464,PS1
49465,PS1
49468,PS1
49471,PS1
49472,PS1
49473,PS1
49482,PS1
49485,PS1
49487,PS1
49494,PS1
49497,PS1
49506,PS1
49507,PS1
49513,PS1
49514,PS1
49516,PS1
49517,PS1
49523,PS1
49524,PS1
49525,PS1
49528,PS1
49529,PS1
49535,PS1
49537,PS1
49539,PS1
49541,PS1
49543,PS1
49544,PS1
49557,PS1
49558,PS1
49559,PS1
49564,PS1
49565,PS1
49572,PS1
49573,PS1
49574,PS1
49577,PS1
49578,PS1
49581,PS1
49586,PS1
49595,PS1
49599,PS1
49609,PS1
49611,PS1
49614,PS1
49623,PS1
49625,PS1
49632,PS1
49634,PS1
49638,PS1
49643,PS1
49644,PS1
49648,PS1
49657,PS1
49663,PS1
49669,PS1
49671,PS1
49674,PS1
49684,PS1
49688,PS1
49691,PS1
49692,PS1
49706,PS1
49718,PS1
49719,PS1
49721,PS1
49728,PS1
49730,PS1
49732,PS1
49738,PS1
49739,PS1
49741,PS1
49746,PS1
49753,PS1
49768,PS1
49773,PS1
49779,PS1
49796,PS1
49798,PS1
49806,PS1
49830,PS1
49833,PS1
49834,PS1
49842,PS1
49843,PS1
49844,PS1
49845,PS1
49858,PS1
49867,PS1
49869,PS1
49874,PS1
49875,PS1
49881,PS1
49883,PS1
49886,PS1
49887,PS1
49889,PS1
49895,PS1
49898,PS1
49901,PS1
49907,PS1
49909,PS1
49910,PS1
49924,PS1
49925,PS1
49926,PS1
49928,PS1
49930,PS1
49932,PS1
49933,PS1
49938,PS1
49941,PS1
49949,PS1
49970,PS1
49973,PS1
49976,PS1
49987,PS1
49992,PS1
50005,PS1
50012,PS1
50024,PS1
50027,PS1
50031,PS1
50033,PS1
50036,PS1
50037,PS1
50047,PS1
50049,PS1
50052,PS1
50054,PS1
50056,PS1
50065,PS1
50066,PS1
50071,PS1
50074,PS1
50114,PS1
50116,PS1
50123,PS1
50147,PS1
50154,PS1
50173,PS1
50185,PS1
50193,PS1
50216,PS1
50221,PS1
50222,PS1
50223,PS1
50224,PS1
50227,PS1
50262,PS1
50264,PS1
50292,PS1
50347,PS1
50351,PS1
50369,PS1
50378,PS1
50379,PS1
50392,PS1
50398,PS1
50401,PS1
50402,PS1
50403,PS1
50403,PS1
50406,PS1
50407,PS1
50414,PS1
50415,PS1
50445,PS1
50455,PS1
50461,PS1
50479,PS1
50490,PS1
50496,PS1
50503,PS1
50506,PS1
50508,PS1
50514,PS1
50530,PS1
50531,PS1
50541,PS1
50543,PS1
50544,PS1
50549,PS1
50567,PS1
50569,PS1
50594,PS1
50605,PS1
50606,PS1
50611,PS1
50650,PS1
50653,PS1
50654,PS1
50661,PS1
50687,PS1
50697,PS1
50736,PS1
50741,PS1
50752,PS1
50775,PS1
50777,PS1
50784,PS1
50791,PS1
50796,PS1
50798,PS1
50802,PS1
50806,PS1
50812,PS1
50816,PS1
50817,PS1
50826,PS1
50838,PS1
50864,PS1
50870,PS1
50876,PS1
50922,PS1
50931,PS1
51049,PS1
51059,PS1
51093,PS1
51109,PS1
51135,PS1
51178,PS1
51198,PS1
51203,PS1
51271,PS1
51465,PS1
51537,PS1
51639,PS1
51663,PS1
51674,PS1
51676,PS1
51697,PS1
51706,PS1
51715,PS1
51720,PS1
51722,PS1
51750,PS1
51760,PS1
51767,PS1
51785,PS1
51792,PS1
51806,PS1
51872,PS1
51885,PS1
51928,PS1
51930,PS1
51949,PS1
51961,PS1
51970,PS1
51982,PS1
52027,PS1
52048,PS1
52067,PS1
52116,PS1
52142,PS1
52178,PS1
52182,PS1
52198,PS1
52204,PS1
52272,PS1
52280,PS1
52281,PS1
52331,PS1
52348,PS1
52411,PS1
52412,PS1
52442,PS1
52480,PS1
52482,PS1
52487,PS1
52490,PS1
52503,PS1
52510,PS1
52514,PS1
52534,PS1
52549,PS1
52555,PS1
52588,PS1
52603,PS1
52611,PS1
52637,PS1
52665,PS1
52696,PS1
52714,PS1
52736,PS1
52743,PS1
52791,PS1
52839,PS1
101330,PS1
601278,PS1
601609,PS1
601724,PS1
601782,PS1
602041,PS1
602063,PS1
603330,PS1
606654,PS1
606777,PS1
606782,PS1
607270,PS1
607350,PS1
607350,PS1
607710,PS1
607744,PS1
607792,PS1
607969,PS1
607973,PS1
607981,PS1
607987,PS1
607994,PS1
607995,PS1
607997,PS1
608002,PS1
608023,PS1
608033,PS1
608037,PS1
608039,PS1
608046,PS1
608049,PS1
608050,PS1
608057,PS1
608061,PS1
608066,PS1
608067,PS1
608069,PS1
608075,PS1
608087,PS1
608090,PS1
608091,PS1
608095,PS1
608098,PS1
608102,PS1
608111,PS1
608113,PS1
608117,PS1
608135,PS1
608137,PS1
608138,PS1
608140,PS1
608144,PS1
608145,PS1
608151,PS1
608158,PS1
608159,PS1
608172,PS1
608177,PS1
608182,PS1
608187,PS1
608188,PS1
608193,PS1
608197,PS1
608204,PS1
608205,PS1
608213,PS1
608217,PS1
608249,PS1
608266,PS1
608272,PS1
608276,PS1
608278,PS1
608280,PS1
608286,PS1
608295,PS1
608310,PS1
608317,PS1
608318,PS1
608318,PS1
608337,PS1
608339,PS1
608343,PS1
608344,PS1
608346,PS1
608356,PS1
608357,PS1
608360,PS1
608360,PS1
608361,PS1
608363,PS1
608368,PS1
608369,PS1
608370,PS1
608376,PS1
608381,PS1
608387,PS1
608389,PS1
608393,PS1
608402,PS1
608404,PS1
608414,PS1
608419,PS1
608430,PS1
608440,PS1
608442,PS1
608442,PS1
608444,PS1
608447,PS1
608448,PS1
608452,PS1
608453,PS1
608461,PS1
608463,PS1
608471,PS1
608474,PS1
608478,PS1
608491,PS1
608510,PS1
608513,PS1
608522,PS1
608532,PS1
608534,PS1
608537,PS1
608540,PS1
608543,PS1
608547,PS1
608551,PS1
608556,PS1
608558,PS1
608560,PS1
608564,PS1
608566,PS1
608570,PS1
608579,PS1
608580,PS1
608592,PS1
608595,PS1
608608,PS1
608618,PS1
608621,PS1
608631,PS1
608632,PS1
608650,PS1
608656,PS1
608658,PS1
608673,PS1
608678,PS1
608682,PS1
608685,PS1
608687,PS1
608689,PS1
608695,PS1
608696,PS1
608703,PS1
608721,PS1
608724,PS1
608728,PS1
608729,PS1
608735,PS1
608738,PS1
608747,PS1
608750,PS1
608768,PS1
608776,PS1
608777,PS1
608784,PS1
608795,PS1
608797,PS1
608805,PS1
608808,PS1
608813,PS1
608821,PS1
608822,PS1
608824,PS1
608834,PS1
608838,PS1
608847,PS1
608853,PS1
608862,PS1
608872,PS1
608899,PS1
608913,PS1
608921,PS1
608927,PS1
608941,PS1
608949,PS1
608951,PS1
608959,PS1
608961,PS1
608977,PS1
608977,PS1
608980,PS1
608994,PS1
608994,PS1
609000,PS1
609003,PS1
609006,PS1
609007,PS1
609011,PS1
609012,PS1
609018,PS1
609048,PS1
609050,PS1
609056,PS1
609061,PS1
609062,PS1
609076,PS1
609077,PS1
609082,PS1
609083,PS1
609097,PS1
609098,PS1
609100,PS1
609113,PS1
609114,PS1
609132,PS1
609135,PS1
609146,PS1
609149,PS1
609161,PS1
609167,PS1
609170,PS1
609185,PS1
609194,PS1
609196,PS1
609202,PS1
609204,PS1
609206,PS1
609222,PS1
609224,PS1
609224,PS1
609233,PS1
609247,PS1
609263,PS1
609272,PS1
609284,PS1
609290,PS1
609293,PS1
609294,PS1
609305,PS1
609315,PS1
609336,PS1
609339,PS1
609341,PS1
609352,PS1
609354,PS1
609363,PS1
609366,PS1
609374,PS1
609396,PS1
609400,PS1
609409,PS1
609418,PS1
609425,PS1
609428,PS1
609449,PS1
609451,PS1
609456,PS1
609458,PS1
609460,PS1
609469,PS1
609475,PS1
609479,PS1
609495,PS1
609510,PS1
609532,PS1
609536,PS1
609543,PS1
609555,PS1
609556,PS1
609561,PS1
609568,PS1
609571,PS1
609572,PS1
609576,PS1
609579,PS1
609589,PS1
609599,PS1
609607,PS1
609618,PS1
609625,PS1
609628,PS1
609637,PS1
609644,PS1
609650,PS1
609657,PS1
609658,PS1
609661,PS1
609663,PS1
609669,PS1
609679,PS1
609707,PS1
609709,PS1
609711,PS1
609714,PS1
609715,PS1
609723,PS1
609730,PS1
609739,PS1
609744,PS1
609746,PS1
609753,PS1
609755,PS1
609756,PS1
609760,PS1
609762,PS1
609774,PS1
609777,PS1
609780,PS1
609784,PS1
609799,PS1
609801,PS1
609805,PS1
609826,PS1
609828,PS1
609852,PS1
609865,PS1
609892,PS1
609896,PS1
609897,PS1
609901,PS1
609916,PS1
609928,PS1
609936,PS1
609938,PS1
609938,PS1
609944,PS1
609953,PS1
609953,PS1
609955,PS1
609961,PS1
609966,PS1
609980,PS1
609989,PS1
609995,PS1
610016,PS1
610025,PS1
610035,PS1
610040,PS1
610041,PS1
610052,PS1
610063,PS1
610064,PS1
610066,PS1
610068,PS1
610073,PS1
610080,PS1
610080,PS1
610090,PS1
610092,PS1
610098,PS1
610101,PS1
610117,PS1
610123,PS1
610134,PS1
610135,PS1
610137,PS1
610142,PS1
610151,PS1
610153,PS1
610154,PS1
610157,PS1
610161,PS1
610164,PS1
610176,PS1
610184,PS1
610185,PS1
610190,PS1
610191,PS1
610194,PS1
610198,PS1
610198,PS1
610199,PS1
610212,PS1
610215,PS1
610215,PS1
610216,PS1
610222,PS1
610223,PS1
610242,PS1
610244,PS1
610245,PS1
610247,PS1
610250,PS1
610254,PS1
610260,PS1
610273,PS1
610275,PS1
610282,PS1
610282,PS1
610286,PS1
610292,PS1
610295,PS1
610308,PS1
610327,PS1
610329,PS1
610342,PS1
610354,PS1
610359,PS1
610361,PS1
610363,PS1
610366,PS1
610367,PS1
610369,PS1
610383,PS1
610397,PS1
610404,PS1
610405,PS1
610413,PS1
610427,PS1
610439,PS1
610440,PS1
610444,PS1
610448,PS1
610451,PS1
610466,PS1
610480,PS1
610482,PS1
610489,PS1
610493,PS1
610494,PS1
610498,PS1
610499,PS1
610500,PS1
610501,PS1
610512,PS1
610519,PS1
610523,PS1
610527,PS1
610531,PS1
610534,PS1
610538,PS1
610542,PS1
610549,PS1
610550,PS1
610554,PS1
610576,PS1
610585,PS1
610598,PS1
610604,PS1
610609,PS1
610613,PS1
610626,PS1
610628,PS1
610629,PS1
610633,PS1
610634,PS1
610635,PS1
610644,PS1
610648,PS1
610653,PS1
610664,PS1
610667,PS1
610668,PS1
610673,PS1
610682,PS1
610683,PS1
610684,PS1
610687,PS1
610696,PS1
610702,PS1
610708,PS1
610712,PS1
610713,PS1
610720,PS1
610723,PS1
610726,PS1
610730,PS1
610738,PS1
610742,PS1
610744,PS1
610746,PS1
610757,PS1
610761,PS1
610765,PS1
610766,PS1
610768,PS1
610776,PS1
610778,PS1
610789,PS1
610801,PS1
610803,PS1
610825,PS1
610830,PS1
610844,PS1
610849,PS1
610856,PS1
610864,PS1
610866,PS1
610874,PS1
610880,PS1
610885,PS1
610892,PS1
610897,PS1
610899,PS1
610911,PS1
610916,PS1
610930,PS1
610930,PS1
610937,PS1
610962,PS1
610965,PS1
610970,PS1
610985,PS1
610989,PS1
610995,PS1
611001,PS1
611011,PS1
611266,PS1
611301,PS1
611306,PS1
611324,PS1
611354,PS1
611355,PS1
611375,PS1
611378,PS1
611386,PS1
611390,PS1
611402,PS1
611406,PS1
611413,PS1
611415,PS1
611420,PS1
611456,PS1
611527,PS1
611582,PS1
611596,PS1
611673,PS1
611697,PS1
611707,PS1
611733,PS1
611736,PS1
611759,PS1
611762,PS1
611765,PS1
611774,PS1
611788,PS1
611817,PS1
611824,PS1
611852,PS1
611872,PS1
611891,PS1
611893,PS1
611935,PS1
611987,PS1
611991,PS1
612015,PS1
612138,PS1
612166,PS1
612170,PS1
612233,PS1
612268,PS1
612282,PS1
612289,PS1
612317,PS1
612353,PS1
612369,PS1
612370,PS1
612372,PS1
612388,PS1
612403,PS1
612404,PS1
612410,PS1
612475,PS1
612484,PS1
612494,PS1
612499,PS1
612503,PS1
612520,PS1
612522,PS1
612545,PS1
612571,PS1
612652,PS1
612653,PS1
612730,PS1
612742,PS1
612797,PS1
612798,PS1
612805,PS1
612813,PS1
612832,PS1
612838,PS1
612842,PS1
612866,PS1
612869,PS1
612895,PS1
612908,PS1
612911,PS1
612919,PS1
612933,PS1
612945,PS1
612950,PS1
612958,PS1
612972,PS1
612975,PS1
612976,PS1
613042,PS1
613071,PS1
613096,PS1
613105,PS1
613108,PS1
613117,PS1
613119,PS1
613138,PS1
613140,PS1
613140,PS1
613182,PS1
613183,PS1
613189,PS1
613208,PS1
613214,PS1
613230,PS1
613237,PS1
613253,PS1
613268,PS1
613290,PS1
613310,PS1
613317,PS1
613372,PS1
613387,PS1
613401,PS1
613422,PS1
613423,PS1
613471,PS1
613491,PS1
613497,PS1
613499,PS1
613532,PS1
613543,PS1
613570,PS1
613572,PS1
613584,PS1
613592,PS1
613619,PS1
613644,PS1
613648,PS1
613712,PS1
613751,PS1
613775,PS1
613842,PS1
613850,PS1
613854,PS1
613877,PS1
613885,PS1
613888,PS1
613891,PS1
613903,PS1
613953,PS1
613993,PS1
614005,PS1
614015,PS1
614017,PS1
614086,PS1
614087,PS1
614093,PS1
614114,PS1
614154,PS1
614193,PS1
614209,PS1
614254,PS1
614273,PS1
614275,PS1
614289,PS1
614298,PS1
614312,PS1
614333,PS1
614338,PS1
614349,PS1
614374,PS1
614389,PS1
614406,PS1
614409,PS1
614422,PS1
614459,PS1
614480,PS1
614481,PS1
614494,PS1
614511,PS1
614558,PS1
614632,PS1
614644,PS1
614655,PS1
614682,PS1
614702,PS1
614711,PS1
614754,PS1
614761,PS1
614764,PS1
614766,PS1
614791,PS1
614794,PS1
614809,PS1
614815,PS1
614830,PS1
614831,PS1
614836,PS1
614852,PS1
614862,PS1
614881,PS1
614883,PS1
614943,PS1
614965,PS1
614979,PS1
614981,PS1
615005,PS1
615007,PS1
615009,PS1
615065,PS1
615085,PS1
615086,PS1
615087,PS1
615101,PS1
615116,PS1
615157,PS1
615157,PS1
615174,PS1
615179,PS1
615198,PS1
615221,PS1
615252,PS1
615264,PS1
615306,PS1
615307,PS1
615314,PS1
615338,PS1
615346,PS1
615383,PS1
615391,PS1
615404,PS1
615430,PS1
615450,PS1
615457,PS1
615459,PS1
615459,PS1
615469,PS1
615497,PS1
615505,PS1
615506,PS1
615506,PS1
615512,PS1
615539,PS1
615583,PS1
615588,PS1
615588,PS1
615601,PS1
615603,PS1
615609,PS1
615620,PS1
615645,PS1
615649,PS1
615655,PS1
615659,PS1
615669,PS1
615689,PS1
615694,PS1
615716,PS1
615742,PS1
615763,PS1
615772,PS1
615790,PS1
615799,PS1
615832,PS1
615845,PS1
615863,PS1
615868,PS1
615896,PS1
615900,PS1
615905,PS1
615923,PS1
615941,PS1
615944,PS1
615948,PS1
615962,PS1
615983,PS1
615999,PS1
616003,PS1
616004,PS1
616089,PS1
616095,PS1
616095,PS1
616116,PS1
616119,PS1
616127,PS1
616128,PS1
616138,PS1
616144,PS1
616149,PS1
616181,PS1
616245,PS1
616258,PS1
616329,PS1
616364,PS1
616417,PS1
616426,PS1
616436,PS1
616487,PS1
616494,PS1
616499,PS1
616553,PS1
616599,PS1
616604,PS1
616616,PS1
616619,PS1
616663,PS1
616670,PS1
616686,PS1
616687,PS1
616691,PS1
616803,PS1
616814,PS1
616833,PS1
616857,PS1
616878,PS1
616924,PS1
616926,PS1
616943,PS1
617003,PS1
617007,PS1
617012,PS1
617067,PS1
617082,PS1
617090,PS1
617106,PS1
617114,PS1
617131,PS1
617187,PS1
617203,PS1
617233,PS1
617238,PS1
617303,PS1
617313,PS1
617350,PS1
617354,PS1
617383,PS1
617385,PS1
617385,PS1
617410,PS1
617431,PS1
617474,PS1
617476,PS1
617500,PS1
617507,PS1
617533,PS1
617583,PS1
617584,PS1
617592,PS1
617598,PS1
617601,PS1
617628,PS1
617641,PS1
617651,PS1
617686,PS1
617705,PS1
617711,PS1
617745,PS1
617747,PS1
617797,PS1
617818,PS1
617823,PS1
617839,PS1
617843,PS1
617858,PS1
617941,PS1
617944,PS1
617947,PS1
617957,PS1
617997,PS1
618000,PS1
618032,PS1
618038,PS1
618068,PS1
618079,PS1
618083,PS1
618084,PS1
618101,PS1
618102,PS1
618110,PS1
618113,PS1
618119,PS1
618124,PS1
618135,PS1
618136,PS1
618188,PS1
618198,PS1
618198,PS1
618224,PS1
618240,PS1
618265,PS1
618272,PS1
618274,PS1
618274,PS1
618315,PS1
618331,PS1
618358,PS1
618413,PS1
618419,PS1
618535,PS1
618559,PS1
618561,PS1
618632,PS1
618654,PS1
618655,PS1
618657,PS1
618673,PS1
618684,PS1
618689,PS1
618690,PS1
618755,PS1
618759,PS1
618761,PS1
618763,PS1
618769,PS1
618770,PS1
618792,PS1
618799,PS1
618818,PS1
618819,PS1
618832,PS1
618838,PS1
618854,PS1
618860,PS1
618883,PS1
618917,PS1
618918,PS1
618927,PS1
618979,PS1
619005,PS1
619027,PS1
619060,PS1
619061,PS1
619127,PS1
619134,PS1
619143,PS1
619156,PS1
619158,PS1
619167,PS1
619183,PS1
619207,PS1
619227,PS1
619229,PS1
619247,PS1
619281,PS1
619289,PS1
619299,PS1
619316,PS1
619346,PS1
619358,PS1
619368,PS1
619404,PS1
619405,PS1
619418,PS1
619435,PS1
619444,PS1
619463,PS1
619480,PS1
619483,PS1
619484,PS1
619493,PS1
619501,PS1
619534,PS1
619536,PS1
619552,PS1
619603,PS1
619605,PS1
619677,PS1
619680,PS1
619686,PS1
619694,PS1
619746,PS1
619792,PS1
619796,PS1
619797,PS1
619797,PS1
619837,PS1
619853,PS1
619858,PS1
619902,PS1
619936,PS1
619938,PS1
619942,PS1
619965,PS1
620004,PS1
620014,PS1
620026,PS1
620044,PS1
620064,PS1
620074,PS1
620143,PS1
620145,PS1
620152,PS1
620204,PS1
620207,PS1
620208,PS1
620222,PS1
620231,PS1
620260,PS1
620263,PS1
620324,PS1
620339,PS1
620410,PS1
620411,PS1
620420,PS1
620429,PS1
620429,PS1
620430,PS1
620445,PS1
620455,PS1
620461,PS1
620474,PS1
620483,PS1
620492,PS1
620494,PS1
620577,PS1
620595,PS1
620598,PS1
620626,PS1
620643,PS1
620659,PS1
620689,PS1
620724,PS1
620782,PS1
620788,PS1
620793,PS1
620798,PS1
620802,PS1
620811,PS1
620824,PS1
620890,PS1
620895,PS1
620896,PS1
620950,PS1
620966,PS1
620998,PS1
621007,PS1
621013,PS1
621015,PS1
621064,PS1
621071,PS1
621080,PS1
621081,PS1
621212,PS1
621264,PS1
621272,PS1
621311,PS1
621324,PS1
621369,PS1
621375,PS1
621531,PS1
621536,PS1
621544,PS1
621544,PS1
621578,PS1
621578,PS1
621605,PS1
621698,PS1
621699,PS1
621732,PS1
621788,PS1
621793,PS1
621794,PS1
621832,PS1
621853,PS1
621901,PS1
621921,PS1
621931,PS1
621941,PS1
621959,PS1
621987,PS1
621990,PS1
622000,PS1
622003,PS1
622011,PS1
622037,PS1
622048,PS1
622063,PS1
622069,PS1
622101,PS1
622102,PS1
622104,PS1
622132,PS1
622133,PS1
622134,PS1
622185,PS1
622186,PS1
622191,PS1
622204,PS1
622241,PS1
622242,PS1
622255,PS1
622257,PS1
622275,PS1
622355,PS1
622413,PS1
622476,PS1
622495,PS1
622504,PS1
622527,PS1
622534,PS1
622548,PS1
622550,PS1
622572,PS1
622621,PS1
622626,PS1
622631,PS1
622635,PS1
622672,PS1
622679,PS1
622693,PS1
622695,PS1
622696,PS1
622696,PS1
622707,PS1
622727,PS1
622734,PS1
622760,PS1
622770,PS1
622785,PS1
622786,PS1
622788,PS1
622799,PS1
622827,PS1
622836,PS1
622846,PS1
622853,PS1
622868,PS1
622874,PS1
622880,PS1
622887,PS1
622889,PS1
622950,PS1
622968,PS1
622978,PS1
622993,PS1
623013,PS1
623023,PS1
623024,PS1
623050,PS1
623084,PS1
623088,PS1
623120,PS1
623127,PS1
623137,PS1
623146,PS1
623146,PS1
623151,PS1
623187,PS1
623195,PS1
623293,PS1
623306,PS1
623327,PS1
623346,PS1
623348,PS1
623353,PS1
623363,PS1
623382,PS1
623400,PS1
623403,PS1
623441,PS1
623454,PS1
623467,PS1
623480,PS1
623562,PS1
623574,PS1
623578,PS1
623633,PS1
623650,PS1
623656,PS1
623674,PS1
623680,PS1
623683,PS1
623722,PS1
623741,PS1
623746,PS1
623751,PS1
623757,PS1
623799,PS1
623809,PS1
623813,PS1
623814,PS1
623815,PS1
623853,PS1
623854,PS1
623855,PS1
623856,PS1
623857,PS1
623934,PS1
623998,PS1
624022,PS1
624025,PS1
624038,PS1
624059,PS1
624062,PS1
624085,PS1
624122,PS1
624126,PS1
624132,PS1
624190,PS1
624204,PS1
624215,PS1
624218,PS1
624221,PS1
624227,PS1
624228,PS1
624233,PS1
624234,PS1
624249,PS1
624254,PS1
624272,PS1
624301,PS1
624354,PS1
624364,PS1
624366,PS1
624382,PS1
624385,PS1
624426,PS1
624429,PS1
624450,PS1
624460,PS1
624476,PS1
624484,PS1
624506,PS1
624578,PS1
624580,PS1
624597,PS1
624651,PS1
624658,PS1
624700,PS1
624710,PS1
624757,PS1
624808,PS1
624812,PS1
624826,PS1
624845,PS1
624860,PS1
624864,PS1
624919,PS1
624927,PS1
624939,PS1
624962,PS1
624993,PS1
625002,PS1
625035,PS1
625036,PS1
625045,PS1
625052,PS1
625060,PS1
625061,PS1
625073,PS1
625111,PS1
625138,PS1
625176,PS1
625191,PS1
625191,PS1
625216,PS1
625226,PS1
625231,PS1
625239,PS1
625247,PS1
625249,PS1
625280,PS1
625297,PS1
625303,PS1
625334,PS1
625342,PS1
625368,PS1
625445,PS1
625470,PS1
625483,PS1
625520,PS1
625534,PS1
625546,PS1
625600,PS1
625624,PS1
625632,PS1
625633,PS1
625637,PS1
625650,PS1
625658,PS1
625663,PS1
625677,PS1
625682,PS1
625708,PS1
625714,PS1
625733,PS1
625774,PS1
625779,PS1
625791,PS1
625802,PS1
625803,PS1
625813,PS1
625831,PS1
625834,PS1
625869,PS1
625901,PS1
625925,PS1
625967,PS1
626005,PS1
626007,PS1
626029,PS1
626048,PS1
626052,PS1
626131,PS1
626133,PS1
626134,PS1
626179,PS1
626207,PS1
626210,PS1
626211,PS1
626219,PS1
626223,PS1
626243,PS1
626257,PS1
626275,PS1
626296,PS1
626314,PS1
626321,PS1
626322,PS1
626328,PS1
626388,PS1
626404,PS1
626406,PS1
626406,PS1
626421,PS1
626422,PS1
626433,PS1
626466,PS1
626468,PS1
626484,PS1
626486,PS1
626489,PS1
626492,PS1
626494,PS1
626497,PS1
626521,PS1
626558,PS1
626618,PS1
626628,PS1
626629,PS1
626637,PS1
626642,PS1
626648,PS1
626651,PS1
626659,PS1
626674,PS1
626676,PS1
626680,PS1
626687,PS1
626690,PS1
626699,PS1
626717,PS1
626727,PS1
626732,PS1
626738,PS1
626741,PS1
626743,PS1
626747,PS1
626759,PS1
626785,PS1
626828,PS1
626847,PS1
626867,PS1
626875,PS1
626885,PS1
626889,PS1
626907,PS1
626921,PS1
626927,PS1
626940,PS1
626950,PS1
626966,PS1
626970,PS1
626970,PS1
626985,PS1
626989,PS1
627025,PS1
627036,PS1
627083,PS1
627095,PS1
627097,PS1
627117,PS1
627166,PS1
627174,PS1
627179,PS1
627185,PS1
627189,PS1
627218,PS1
627221,PS1
627227,PS1
627231,PS1
627235,PS1
627271,PS1
627276,PS1
627284,PS1
627286,PS1
627289,PS1
627314,PS1
627352,PS1
627356,PS1
627369,PS1
627378,PS1
627388,PS1
627399,PS1
627410,PS1
627448,PS1
627477,PS1
627498,PS1
627504,PS1
627527,PS1
627528,PS1
627529,PS1
627534,PS1
627536,PS1
627538,PS1
627547,PS1
627573,PS1
627594,PS1
627607,PS1
627607,PS1
627608,PS1
627624,PS1
627626,PS1
627636,PS1
627654,PS1
627675,PS1
627677,PS1
627702,PS1
627711,PS1
627756,PS1
627764,PS1
627782,PS1
627784,PS1
627806,PS1
627812,PS1
627863,PS1
627863,PS1
627878,PS1
627923,PS1
627925,PS1
627945,PS1
627989,PS1
628018,PS1
628048,PS1
628054,PS1
628062,PS1
628078,PS1
628087,PS1
628099,PS1
628110,PS1
628123,PS1
628130,PS1
628133,PS1
628154,PS1
628155,PS1
628158,PS1
628173,PS1
628174,PS1
628187,PS1
628189,PS1
628201,PS1
628205,PS1
628239,PS1
628240,PS1
628245,PS1
628274,PS1
628318,PS1
628354,PS1
628356,PS1
628363,PS1
628368,PS1
628374,PS1
628387,PS1
628396,PS1
628398,PS1
628408,PS1
628417,PS1
628429,PS1
628441,PS1
628459,PS1
628534,PS1
628536,PS1
628541,PS1
628572,PS1
628612,PS1
628651,PS1
628659,PS1
628671,PS1
628693,PS1
628707,PS1
628715,PS1
628778,PS1
628780,PS1
628782,PS1
628793,PS1
628816,PS1
628817,PS1
628824,PS1
628827,PS1
628842,PS1
628844,PS1
628855,PS1
628858,PS1
628881,PS1
628887,PS1
628915,PS1
628921,PS1
628923,PS1
628932,PS1
628965,PS1
628988,PS1
628990,PS1
629010,PS1
629073,PS1
629113,PS1
629123,PS1
629142,PS1
629154,PS1
629156,PS1
629160,PS1
629179,PS1
629190,PS1
629191,PS1
629199,PS1
629201,PS1
629206,PS1
629206,PS1
629218,PS1
629220,PS1
629233,PS1
629245,PS1
629248,PS1
629255,PS1
629256,PS1
629258,PS1
629274,PS1
629296,PS1
629299,PS1
629337,PS1
629338,PS1
629348,PS1
629354,PS1
629356,PS1
629397,PS1
629429,PS1
629449,PS1
629523,PS1
629537,PS1
629549,PS1
629571,PS1
629573,PS1
629584,PS1
629586,PS1
629603,PS1
629618,PS1
629622,PS1
629654,PS1
629657,PS1
629659,PS1
629661,PS1
629677,PS1
629688,PS1
629706,PS1
629711,PS1
629716,PS1
629723,PS1
629725,PS1
629730,PS1
629734,PS1
629737,PS1
630743,PS1
630755,PS1
630836,PS1
630839,PS1
630900,PS1
630901,PS1
630909,PS1
630966,PS1
630990,PS1
630992,PS1
631005,PS1
631012,PS1
631018,PS1
631087,PS1
631094,PS1
631108,PS1
631112,PS1
631128,PS1
631138,PS1
631139,PS1
631196,PS1
631198,PS1
631203,PS1
631205,PS1
631209,PS1
631210,PS1
631216,PS1
631255,PS1
631269,PS1
631271,PS1
631302,PS1
631326,PS1
631327,PS1
631330,PS1
631347,PS1
631370,PS1
631372,PS1
631373,PS1
632386,PS1
632404,PS1
632414,PS1
632420,PS1
632476,PS1
632478,PS1
632488,PS1
632531,PS1
632539,PS1
632584,PS1
632586,PS1
632613,PS1
632623,PS1
632627,PS1
632662,PS1
632665,PS1
632674,PS1
632696,PS1
632741,PS1
632751,PS1
632761,PS1
632768,PS1
632769,PS1
632774,PS1
632780,PS1
632797,PS1
632798,PS1
632823,PS1
632825,PS1
632826,PS1
632827,PS1
632831,PS1
632836,PS1
632837,PS1
632838,PS1
632839,PS1
632840,PS1
632843,PS1
632855,PS1
632863,PS1
632874,PS1
632889,PS1
632894,PS1
632902,PS1
632914,PS1
632915,PS1
632945,PS1
632949,PS1
632953,PS1
632959,PS1
632965,PS1
632967,PS1
632974,PS1
632989,PS1
632993,PS1
632995,PS1
633000,PS1
633006,PS1
633008,PS1
633025,PS1
633029,PS1
633050,PS1
633058,PS1
633059,PS1
633075,PS1
633078,PS1
633079,PS1
633080,PS1
633081,PS1
633082,PS1
633088,PS1
633091,PS1
633097,PS1
633130,PS1
633136,PS1
633144,PS1
633149,PS1
633151,PS1
633152,PS1
633157,PS1
633158,PS1
633164,PS1
633165,PS1
633173,PS1
633184,PS1
633206,PS1
633214,PS1
633223,PS1
633233,PS1
633235,PS1
633236,PS1
633238,PS1
633241,PS1
633256,PS1
633266,PS1
633285,PS1
633295,PS1
633297,PS1
633298,PS1
633304,PS1
633314,PS1
633328,PS1
633329,PS1
633334,PS1
633352,PS1
633356,PS1
633357,PS1
633364,PS1
633365,PS1
633371,PS1
633374,PS1
633376,PS1
633381,PS1
633383,PS1
633385,PS1
633389,PS1
633402,PS1
633416,PS1
633417,PS1
633422,PS1
633424,PS1
633425,PS1
633427,PS1
633436,PS1
633437,PS1
633446,PS1
633451,PS1
633454,PS1
633455,PS1
633459,PS1
633480,PS1
633481,PS1
633483,PS1
633504,PS1
633506,PS1
633507,PS1
633510,PS1
633512,PS1
633535,PS1
633539,PS1
633545,PS1
633558,PS1
633570,PS1
633575,PS1
633585,PS1
633600,PS1
633608,PS1
633609,PS1
633613,PS1
633614,PS1
633620,PS1
633622,PS1
633622,PS1
633625,PS1
633636,PS1
633645,PS1
633648,PS1
633651,PS1
633655,PS1
633662,PS1
633671,PS1
633672,PS1
633674,PS1
633681,PS1
633688,PS1
633692,PS1
633704,PS1
633713,PS1
633717,PS1
633719,PS1
633721,PS1
633724,PS1
633733,PS1
633749,PS1
633750,PS1
633751,PS1
633761,PS1
633770,PS1
633785,PS1
633786,PS1
633790,PS1
633793,PS1
633798,PS1
633799,PS1
633805,PS1
633806,PS1
633818,PS1
633821,PS1
633825,PS1
633842,PS1
633844,PS1
633845,PS1
633857,PS1
633864,PS1
633867,PS1
633868,PS1
633871,PS1
633873,PS1
633877,PS1
633879,PS1
633881,PS1
633887,PS1
633888,PS1
633889,PS1
633892,PS1
633914,PS1
633916,PS1
633935,PS1
633936,PS1
633938,PS1
633939,PS1
633943,PS1
633944,PS1
633952,PS1
633953,PS1
633961,PS1
633962,PS2
633963,PS2
633965,PS2
633977,PS2
633985,PS2
633986,PS2
634005,PS2
634018,PS2
634019,PS2
634022,PS2
634029,PS2
634033,PS2
634038,PS2
634048,PS2
634050,PS2
634051,PS2
634061,PS2
634078,PS2
634083,PS2
634088,PS2
634094,PS2
634101,PS2
634102,PS2
634106,PS2
634109,PS2
634120,PS2
634138,PS2
634139,PS2
634142,PS2
634146,PS2
634154,PS2
634157,PS2
634170,PS2
634187,PS2
634189,PS2
634192,PS2
634197,PS2
634206,PS2
634208,PS2
634223,PS2
634234,PS2
634241,PS2
634242,PS2
634254,PS2
634255,PS2
634265,PS2
634278,PS2
634282,PS2
634283,PS2
634284,PS2
634292,PS2
634299,PS2
634308,PS2
634308,PS2
634310,PS2
634312,PS2
634334,PS2
634347,PS2
634355,PS2
634356,PS2
634361,PS2
634362,PS2
634369,PS2
634374,PS2
634379,PS2
634384,PS2
634391,PS2
634397,PS2
634398,PS2
634401,PS2
634402,PS2
634403,PS2
634406,PS2
634409,PS2
634415,PS2
634428,PS2
634441,PS2
634446,PS2
634447,PS2
634450,PS2
634451,PS2
634453,PS2
634454,PS2
634457,PS2
634459,PS2
634468,PS2
634479,PS2
634488,PS2
634492,PS2
634502,PS2
634506,PS2
634514,PS2
634519,PS2
634520,PS2
634523,PS2
634524,PS2
634526,PS2
634537,PS2
634548,PS2
634561,PS2
634563,PS2
634574,PS2
634579,PS2
634584,PS2
634589,PS2
634591,PS2
634607,PS2
634619,PS2
634626,PS2
634637,PS2
634641,PS2
634664,PS2
634665,PS2
634666,PS2
634667,PS2
634673,PS2
634682,PS2
634691,PS2
634694,PS2
634700,PS2
634703,PS2
634711,PS2
634714,PS2
634715,PS2
634722,PS2
634724,PS2
634728,PS2
634733,PS2
634745,PS2
634747,PS2
634748,PS2
634752,PS2
634759,PS2
634763,PS2
634766,PS2
634781,PS2
634801,PS2
634809,PS2
634819,PS2
634820,PS2
634821,PS2
634824,PS2
634837,PS2
634840,PS2
634862,PS2
634866,PS2
634868,PS2
634871,PS2
634874,PS2
634880,PS2
634881,PS2
634894,PS2
634910,PS2
634914,PS2
634918,PS2
634919,PS2
634954,PS2
634961,PS2
634969,PS2
634972,PS2
634973,PS2
634975,PS2
634985,PS2
634986,PS2
634988,PS2
634989,PS2
635007,PS2
635009,PS2
635024,PS2
635028,PS2
635029,PS2
635030,PS2
635039,PS2
635040,PS2
635041,PS2
635076,PS2
635081,PS2
635082,PS2
635083,PS2
635087,PS2
635091,PS2
635092,PS2
635102,PS2
635104,PS2
635107,PS2
635137,PS2
635139,PS2
635143,PS2
635158,PS2
635169,PS2
635175,PS2
635180,PS2
635183,PS2
635224,PS2
635232,PS2
635236,PS2
635238,PS2
635243,PS2
635251,PS2
635258,PS2
635260,PS2
635262,PS2
635271,PS2
635273,PS2
635275,PS2
635278,PS2
635284,PS2
635286,PS2
635290,PS2
635293,PS2
635294,PS2
635295,PS2
635297,PS2
635300,PS2
635308,PS2
635314,PS2
635315,PS2
635316,PS2
635317,PS2
635318,PS2
635322,PS2
635329,PS2
635331,PS2
635332,PS2
635334,PS2
635335,PS2
635337,PS2
635338,PS2
635340,PS2
635342,PS2
635347,PS2
635348,PS2
635350,PS2
635387,PS2
635388,PS2
635397,PS2
635417,PS2
635420,PS2
635422,PS2
635428,PS2
635432,PS2
635445,PS2
635452,PS2
635452,PS2
635454,PS2
635456,PS2
635457,PS2
635460,PS2
635466,PS2
635476,PS2
635522,PS2
635528,PS2
635536,PS2
635538,PS2
635552,PS2
635553,PS2
635560,PS2
635586,PS2
635590,PS2
635592,PS2
635593,PS2
635596,PS2
635602,PS2
635603,PS2
635604,PS2
635607,PS2
635610,PS2
635613,PS2
635619,PS2
635620,PS2
635621,PS2
635624,PS2
635658,PS2
635660,PS2
635662,PS2
635665,PS2
635675,PS2
635683,PS2
635685,PS2
635689,PS2
635690,PS2
635691,PS2
635691,PS2
635699,PS2
635703,PS2
635710,PS2
635713,PS2
635715,PS2
635716,PS2
635717,PS2
635718,PS2
635719,PS2
635723,PS2
635754,PS2
635755,PS2
635758,PS2
635763,PS2
635765,PS2
635767,PS2
635772,PS2
635782,PS2
635792,PS2
635793,PS2
635796,PS2
635798,PS2
635799,PS2
635801,PS2
635810,PS2
635814,PS2
635825,PS2
635834,PS2
635841,PS2
635849,PS2
635850,PS2
635854,PS2
635859,PS2
635861,PS2
635868,PS2
635874,PS2
635885,PS2
635896,PS2
635897,PS2
635904,PS2
635905,PS2
635915,PS2
635918,PS2
635926,PS2
635926,PS2
635933,PS2
635939,PS2
635944,PS2
635951,PS2
635954,PS2
635959,PS2
635960,PS2
635961,PS2
635962,PS2
635964,PS2
635967,PS2
635971,PS2
635975,PS2
636000,PS2
636004,PS2
636006,PS2
636007,PS2
636009,PS2
636012,PS2
636017,PS2
636020,PS2
636022,PS2
636027,PS2
636032,PS2
636041,PS2
636048,PS2
636050,PS2
636060,PS2
636061,PS2
636062,PS2
636063,PS2
636064,PS2
636066,PS2
636067,PS2
636072,PS2
636076,PS2
636078,PS2
636089,PS2
636092,PS2
636094,PS2
636107,PS2
636114,PS2
636115,PS2
636117,PS2
636118,PS2
636126,PS2
636130,PS2
636133,PS2
636134,PS2
636141,PS2
636145,PS2
636147,PS2
636156,PS2
636161,PS2
636185,PS2
636186,PS2
636190,PS2
636191,PS2
636196,PS2
636210,PS2
636214,PS2
636217,PS2
636231,PS2
636232,PS2
636235,PS2
636238,PS2
636245,PS2
636252,PS2
636257,PS2
636260,PS2
636267,PS2
636291,PS2
636298,PS2
636302,PS2
636307,PS2
636308,PS2
636313,PS2
636315,PS2
636323,PS2
636333,PS2
636337,PS2
636350,PS2
636354,PS2
636355,PS2
636358,PS2
636360,PS2
636364,PS2
636365,PS2
636367,PS2
636389,PS2
636390,PS2
636393,PS2
636394,PS2
636398,PS2
636412,PS2
636415,PS2
636418,PS2
636420,PS2
636423,PS2
636430,PS2
636444,PS2
636447,PS2
636451,PS2
636452,PS2
636455,PS2
636456,PS2
636459,PS2
636467,PS2
636468,PS2
636480,PS2
636484,PS2
636496,PS2
636499,PS2
636500,PS2
636509,PS2
636510,PS2
636511,PS2
636512,PS2
636521,PS2
636523,PS2
636525,PS2
636545,PS2
636548,PS2
636552,PS2
636575,PS2
636587,PS2
636598,PS2
636612,PS2
636613,PS2
636620,PS2
636621,PS2
636622,PS2
636628,PS2
636629,PS2
636631,PS2
636633,PS2
636636,PS2
636637,PS2
636640,PS2
636643,PS2
636650,PS2
636655,PS2
636656,PS2
636659,PS2
636661,PS2
636662,PS2
636665,PS2
636666,PS2
636667,PS2
636669,PS2
636671,PS2
636676,PS2
636678,PS2
636690,PS2
636697,PS2
636699,PS2
636706,PS2
636708,PS2
636712,PS2
636713,PS2
636720,PS2
636723,PS2
636729,PS2
636731,PS2
636734,PS2
636737,PS2
636746,PS2
636767,PS2
636773,PS2
636786,PS2
636789,PS2
636790,PS2
636795,PS2
636796,PS2
636797,PS2
636800,PS2
636802,PS2
636805,PS2
636825,PS2
636828,PS2
636831,PS2
636832,PS2
636842,PS2
636843,PS2
636848,PS2
636861,PS2
636879,PS2
636880,PS2
636883,PS2
636889,PS2
636890,PS2
636892,PS2
636896,PS2
636899,PS2
636903,PS2
636910,PS2
636916,PS2
636925,PS2
636927,PS2
636939,PS2
636944,PS2
636950,PS2
636954,PS2
636955,PS2
636959,PS2
636963,PS2
636967,PS2
636968,PS2
636971,PS2
636979,PS2
636985,PS2
636986,PS2
636987,PS2
636991,PS2
637002,PS2
637003,PS2
637007,PS2
637009,PS2
637012,PS2
637014,PS2
637021,PS2
637037,PS2
637038,PS2
637045,PS2
637048,PS2
637049,PS2
637053,PS2
637056,PS2
637060,PS2
637061,PS2
637063,PS2
637064,PS2
637065,PS2
637066,PS2
637068,PS2
637072,PS2
637073,PS2
637077,PS2
637079,PS2
637081,PS2
637086,PS2
637097,PS2
637098,PS2
637104,PS2
637144,PS2
637161,PS2
637187,PS2
637227,PS2
637227,PS2
637231,PS2
637233,PS2
637234,PS2
637235,PS2
637237,PS2
637240,PS2
637241,PS2
637243,PS2
637246,PS2
637247,PS2
637248,PS2
637250,PS2
637251,PS2
637253,PS2
637256,PS2
637261,PS2
637263,PS2
637265,PS2
637266,PS2
637267,PS2
637273,PS2
637277,PS2
637278,PS2
637281,PS2
637282,PS2
637292,PS2
637294,PS2
637299,PS2
637300,PS2
637303,PS2
637303,PS2
637306,PS2
637311,PS2
637318,PS2
637322,PS2
637329,PS2
637330,PS2
637337,PS2
637342,PS2
637357,PS2
637363,PS2
637376,PS2
637390,PS2
637397,PS2
637399,PS2
637404,PS2
637406,PS2
637410,PS2
637416,PS2
637426,PS2
637429,PS2
637432,PS2
637436,PS2
637437,PS2
637438,PS2
637439,PS2
637442,PS2
637444,PS2
637445,PS2
637449,PS2
637450,PS2
637457,PS2
637458,PS2
637459,PS2
637461,PS2
637468,PS2
637470,PS2
637472,PS2
637479,PS2
637485,PS2
637489,PS2
637490,PS2
637495,PS2
637503,PS2
637504,PS2
637505,PS2
637507,PS2
637508,PS2
637509,PS2
637513,PS2
637514,PS2
637525,PS2
637551,PS2
637559,PS2
637560,PS2
637564,PS2
637565,PS2
637573,PS2
637578,PS2
637603,PS2
637618,PS2
637620,PS2
637621,PS2
637627,PS2
637648,PS2
637650,PS2
637653,PS2
637655,PS2
637661,PS2
637662,PS2
637665,PS2
637674,PS2
637683,PS2
637684,PS2
637686,PS2
637687,PS2
637689,PS2
637691,PS2
637697,PS2
637700,PS2
637701,PS2
637705,PS2
637709,PS2
637722,PS2
637726,PS2
637727,PS2
637728,PS2
637730,PS2
637751,PS2
637772,PS2
637776,PS2
637781,PS2
637789,PS2
637805,PS2
637821,PS2
637831,PS2
637835,PS2
637841,PS2
637844,PS2
637845,PS2
637850,PS2
637851,PS2
637854,PS2
637860,PS2
637862,PS2
637862,PS2
637864,PS2
637865,PS2
637867,PS2
637868,PS2
637870,PS2
637872,PS2
637875,PS2
637877,PS2
637880,PS2
637887,PS2
637891,PS2
637898,PS2
637901,PS2
637910,PS2
637911,PS2
637912,PS2
637914,PS2
637915,PS2
637918,PS2
637923,PS2
637929,PS2
637933,PS2
637938,PS2
637957,PS2
637966,PS2
637969,PS2
637982,PS2
637985,PS2
637986,PS2
637989,PS2
637990,PS2
637992,PS2
637994,PS2
637995,PS2
637999,PS2
638003,PS2
638004,PS2
638005,PS2
638007,PS2
638009,PS2
638010,PS2
638011,PS2
638020,PS2
638021,PS2
638025,PS2
638027,PS2
638033,PS2
638037,PS2
638038,PS2
638043,PS2
638044,PS2
638045,PS2
638050,PS2
638053,PS2
638061,PS2
638063,PS2
638067,PS2
638070,PS2
638073,PS2
638078,PS2
638089,PS2
638097,PS2
638102,PS2
638103,PS2
638104,PS2
638105,PS2
638108,PS2
638109,PS2
638110,PS2
638111,PS2
638115,PS2
638122,PS2
638124,PS2
638130,PS2
638133,PS2
638134,PS2
638139,PS2
638140,PS2
638145,PS2
638171,PS2
638172,PS2
638177,PS2
638182,PS2
638185,PS2
638190,PS2
638191,PS2
638193,PS2
638196,PS2
638198,PS2
638209,PS2
638212,PS2
638217,PS2
638219,PS2
638220,PS2
638225,PS2
638239,PS2
638247,PS2
638262,PS2
638280,PS2
638284,PS2
638294,PS2
638298,PS2
638300,PS2
638303,PS2
638304,PS2
638309,PS2
638310,PS2
638311,PS2
638314,PS2
638318,PS2
638320,PS2
638321,PS2
638328,PS2
638353,PS2
638357,PS2
638371,PS2
638378,PS2
638385,PS2
638386,PS2
638398,PS2
638401,PS2
638420,PS2
638428,PS2
638438,PS2
638451,PS2
638455,PS2
638457,PS2
638469,PS2
638475,PS2
638487,PS2
638491,PS2
638513,PS2
638517,PS2
638518,PS2
638521,PS2
638533,PS2
638534,PS2
638539,PS2
638545,PS2
638549,PS2
638562,PS2
638587,PS2
638589,PS2
638604,PS2
638611,PS2
638621,PS2
638622,PS2
638623,PS2
638624,PS2
638629,PS2
638634,PS2
638637,PS2
638639,PS2
638647,PS2
638650,PS2
638654,PS2
638668,PS2
638672,PS2
638675,PS2
638680,PS2
638734,PS2
638735,PS2
638740,PS2
638741,PS2
638743,PS2
638750,PS2
638751,PS2
638753,PS2
638760,PS2
638776,PS2
638777,PS2
638778,PS2
638779,PS2
638804,PS2
638805,PS2
638813,PS2
638818,PS2
638827,PS2
638832,PS2
638843,PS2
638847,PS2
638848,PS2
638850,PS2
638851,PS2
638855,PS2
638861,PS2
638864,PS2
638868,PS2
638876,PS2
638878,PS2
638880,PS2
638882,PS2
638884,PS2
638885,PS2
638886,PS2
638888,PS2
638893,PS2
638901,PS2
638904,PS2
638910,PS2
638914,PS2
638915,PS2
638922,PS2
638938,PS2
638940,PS2
638953,PS2
638954,PS2
638956,PS2
638957,PS2
638971,PS2
638971,PS2
638975,PS2
638976,PS2
638977,PS2
638984,PS2
638986,PS2
638990,PS2
639001,PS2
639002,PS2
639003,PS2
639004,PS2
639011,PS2
639049,PS2
639054,PS2
639063,PS2
639072,PS2
639075,PS2
639076,PS2
639077,PS2
639085,PS2
639092,PS2
639107,PS2
639112,PS2
639112,PS2
639116,PS2
639118,PS2
639120,PS2
639127,PS2
639154,PS2
639160,PS2
639164,PS2
639165,PS2
639166,PS2
639203,PS2
639223,PS2
639234,PS2
639236,PS2
639237,PS2
639256,PS2
639262,PS2
639267,PS2
639313,PS2
639320,PS2
639346,PS2
639361,PS2
639415,PS2
639454,PS2
639504,PS2
639519,PS2
639545,PS2
639606,PS2
639611,PS2
639612,PS2
639616,PS2
639619,PS2
639624,PS2
639626,PS2
639631,PS2
639638,PS2
639639,PS2
639644,PS2
639659,PS2
639662,PS2
639663,PS2
639665,PS2
639666,PS2
639668,PS2
639684,PS2
639687,PS2
639700,PS2
639720,PS2
639723,PS2
639723,PS2
639727,PS2
639728,PS2
639732,PS2
639742,PS2
639745,PS2
639816,PS2
639844,PS2
639853,PS2
639857,PS2
639859,PS2
639864,PS2
639865,PS2
639867,PS2
639872,PS2
639889,PS2
639897,PS2
639912,PS2
639913,PS2
639914,PS2
639918,PS2
639919,PS2
639926,PS2
639940,PS2
639955,PS2
639965,PS2
639982,PS2
640008,PS2
640011,PS2
640012,PS2
640015,PS2
640016,PS2
640019,PS2
640020,PS2
640052,PS2
640058,PS2
640064,PS2
640067,PS2
640069,PS2
640071,PS2
640076,PS2
640079,PS2
640080,PS2
640086,PS2
640111,PS2
640116,PS2
640123,PS2
640128,PS2
640131,PS2
640146,PS2
640152,PS2
640153,PS2
640161,PS2
640166,PS2
640184,PS2
640185,PS2
640188,PS2
640194,PS2
640200,PS2
640208,PS2
640210,PS2
640221,PS2
640229,PS2
640232,PS2
640251,PS2
640261,PS2
640262,PS2
640272,PS2
640273,PS2
640303,PS2
640309,PS2
640317,PS2
640322,PS2
640330,PS2
640334,PS2
640348,PS2
640366,PS2
640444,PS2
640451,PS2
640458,PS2
640460,PS2
640473,PS2
640514,PS2
640515,PS2
640516,PS2
640522,PS2
640529,PS2
640534,PS2
640552,PS2
640553,PS2
640554,PS2
640557,PS2
640584,PS2
640587,PS2
640589,PS2
640590,PS2
640591,PS2
640592,PS2
640593,PS2
640595,PS2
640596,PS2
640605,PS2
640606,PS2
640609,PS2
640613,PS2
640614,PS2
640617,PS2
640618,PS2
640619,PS2
640620,PS2
640624,PS2
640627,PS2
640630,PS2
640632,PS2
640633,PS2
640636,PS2
640637,PS2
640640,PS2
640641,PS2
640642,PS2
640644,PS2
640645,PS2
640648,PS2
640649,PS2
640679,PS2
640681,PS2
640699,PS2
640700,PS2
640704,PS2
640706,PS2
640707,PS2
640708,PS2
640715,PS2
640716,PS2
640717,PS2
640721,PS2
640723,PS2
640724,PS2
640727,PS2
640728,PS2
640738,PS2
640741,PS2
640742,PS2
640743,PS2
640746,PS2
640756,PS2
640757,PS2
640763,PS2
640767,PS2
640769,PS2
640774,PS2
640781,PS2
640785,PS2
640788,PS2
640789,PS2
640795,PS2
640796,PS2
640798,PS2
640800,PS2
640807,PS2
640817,PS2
640820,PS2
640828,PS2
640830,PS2
640834,PS2
640840,PS2
640848,PS2
640854,PS2
640862,PS2
640863,PS2
640865,PS2
640870,PS2
640873,PS2
640877,PS2
640879,PS2
640882,PS2
640887,PS2
640896,PS2
640897,PS2
640903,PS2
640904,PS2
640905,PS2
640907,PS2
640911,PS2
640912,PS2
640918,PS2
640920,PS2
640924,PS2
640926,PS2
640939,PS2
640943,PS2
641950,PS2
641953,PS2
641969,PS2
641973,PS2
641975,PS2
641993,PS2
641996,PS2
642023,PS2
642024,PS2
642060,PS2
642084,PS2
642107,PS2
642111,PS2
642113,PS2
642115,PS2
642116,PS2
642118,PS2
642124,PS2
642129,PS2
642139,PS2
642140,PS2
642141,PS2
642143,PS2
642144,PS2
642146,PS2
642149,PS2
642150,PS2
642152,PS2
642156,PS2
642167,PS2
642169,PS2
642183,PS2
642185,PS2
642187,PS2
642194,PS2
642196,PS2
642198,PS2
642202,PS2
642204,PS2
642205,PS2
642213,PS2
642215,PS2
642221,PS2
642255,PS2
642261,PS2
642263,PS2
642269,PS2
642272,PS2
642276,PS2
642307,PS2
642319,PS2
642328,PS2
642329,PS2
642333,PS2
642337,PS2
642340,PS2
642342,PS2
642362,PS2
642363,PS2
642399,PS2
642406,PS2
642409,PS2
642412,PS2
642420,PS2
642421,PS2
642423,PS2
642430,PS2
642433,PS2
642434,PS2
642437,PS2
642440,PS2
642448,PS2
642451,PS2
642452,PS2
642453,PS2
642454,PS2
642455,PS2
642456,PS2
642459,PS2
642462,PS2
642463,PS2
642466,PS2
642468,PS2
642471,PS2
642473,PS2
642475,PS2
642476,PS2
642494,PS2
642495,PS2
642496,PS2
642499,PS2
642500,PS2
642503,PS2
642515,PS2
642529,PS2
642531,PS2
642545,PS2
642551,PS2
642567,PS2
642577,PS2
642581,PS2
642584,PS2
642591,PS2
642594,PS2
642595,PS2
642606,PS2
642622,PS2
642627,PS2
642628,PS2
642632,PS2
642636,PS2
642650,PS2
642655,PS2
642660,PS2
642662,PS2
642668,PS2
642678,PS2
642698,PS2
642700,PS2
642710,PS2
642723,PS2
642754,PS2
642801,PS2
642803,PS2
642804,PS2
642806,PS2
642807,PS2
642808,PS2
642810,PS2
642815,PS2
642817,PS2
642818,PS2
642822,PS2
642823,PS2
642834,PS2
642838,PS2
642840,PS2
642848,PS2
642850,PS2
642859,PS2
642862,PS2
642864,PS2
642876,PS2
642913,PS2
642917,PS2
642918,PS2
642919,PS2
642949,PS2
642956,PS2
642964,PS2
642974,PS2
642975,PS2
642978,PS2
642981,PS2
642982,PS2
642987,PS2
642988,PS2
642991,PS2
642999,PS2
643005,PS2
643006,PS2
643007,PS2
643011,PS2
643020,PS2
643022,PS2
643026,PS2
643029,PS2
643030,PS2
643032,PS2
643034,PS2
643035,PS2
643039,PS2
643050,PS2
643054,PS2
643055,PS2
643057,PS2
643059,PS2
643060,PS2
643061,PS2
643087,PS2
643145,PS2
643163,PS2
643164,PS2
643167,PS2
643168,PS2
643171,PS2
643172,PS2
643173,PS2
643180,PS2
643181,PS2
643184,PS2
643185,PS2
643186,PS2
643189,PS2
643190,PS2
643192,PS2
643210,PS2
643214,PS2
643216,PS2
643219,PS2
643229,PS2
643231,PS2
643233,PS2
643237,PS2
643245,PS2
643262,PS2
643271,PS2
643272,PS2
643280,PS2
643282,PS2
643285,PS2
643289,PS2
643290,PS2
643291,PS2
643292,PS2
643294,PS2
643295,PS2
643297,PS2
643299,PS2
643307,PS2
643316,PS2
643323,PS2
643329,PS2
643338,PS2
643342,PS2
643344,PS2
643351,PS2
643354,PS2
643355,PS2
643356,PS2
643358,PS2
643360,PS2
643366,PS2
643367,PS2
643372,PS2
643377,PS2
643378,PS2
643379,PS2
643380,PS2
643394,PS2
643398,PS2
643403,PS2
643405,PS2
643406,PS2
643424,PS2
643433,PS2
643434,PS2
643446,PS2
643452,PS2
643453,PS2
643455,PS2
643463,PS2
643471,PS2
643488,PS2
643495,PS2
643501,PS2
643502,PS2
643504,PS2
643507,PS2
643510,PS2
643511,PS2
643512,PS2
643515,PS2
643518,PS2
643520,PS2
643530,PS2
643532,PS2
643540,PS2
643557,PS2
643558,PS2
643561,PS2
643563,PS2
643570,PS2
643572,PS2
643584,PS2
643590,PS2
643597,PS2
643611,PS2
643618,PS2
643619,PS2
643620,PS2
643621,PS2
643626,PS2
643632,PS2
643644,PS2
643646,PS2
643659,PS2
643660,PS2
643663,PS2
643665,PS2
643666,PS2
643669,PS2
643670,PS2
643673,PS2
643674,PS2
643676,PS2
643679,PS2
643691,PS2
643696,PS2
643698,PS2
643700,PS2
643702,PS2
643706,PS2
643710,PS2
643717,PS2
643726,PS2
643734,PS2
643735,PS2
643741,PS2
643747,PS2
643748,PS2
643749,PS2
643750,PS2
643755,PS2
643759,PS2
643765,PS2
643768,PS2
643769,PS2
643794,PS2
643808,PS2
643822,PS2
643823,PS2
643838,PS2
643841,PS2
643842,PS2
643846,PS2
643849,PS2
643851,PS2
643858,PS2
643859,PS2
643868,PS2
643921,PS2
643922,PS2
643926,PS2
643931,PS2
643939,PS2
643941,PS2
643969,PS2
643975,PS2
643976,PS2
643986,PS2
643987,PS2
644006,PS2
644009,PS2
644012,PS2
644016,PS2
644029,PS2
644063,PS2
644093,PS2
644098,PS2
644112,PS2
644113,PS2
644115,PS2
644119,PS2
644121,PS2
644124,PS2
644130,PS2
644133,PS2
644139,PS2
644166,PS2
644181,PS2
644200,PS2
644213,PS2
644221,PS2
644226,PS2
644230,PS2
644236,PS2
644237,PS2
644239,PS2
644240,PS2
644241,PS2
644242,PS2
644244,PS2
644246,PS2
644252,PS2
644253,PS2
644255,PS2
644272,PS2
644284,PS2
644285,PS2
644294,PS2
644295,PS2
644297,PS2
644303,PS2
644307,PS2
644308,PS2
644309,PS2
644314,PS2
644315,PS2
644318,PS2
644322,PS2
644325,PS2
644331,PS2
644336,PS2
644337,PS2
644338,PS2
644339,PS2
644342,PS2
644347,PS2
644348,PS2
644350,PS2
644351,PS2
644352,PS2
644353,PS2
644359,PS2
644361,PS2
644364,PS2
644366,PS2
644368,PS2
644370,PS2
644378,PS2
644382,PS2
644398,PS2
644406,PS2
644407,PS2
644419,PS2
644420,PS2
644426,PS2
644429,PS2
644432,PS2
644455,PS2
644462,PS2
644463,PS2
644470,PS2
644474,PS2
644478,PS2
644483,PS2
644485,PS2
644493,PS2
644499,PS2
644502,PS2
644515,PS2
644519,PS2
644534,PS2
644536,PS2
644560,PS2
644561,PS2
644566,PS2
644569,PS2
644573,PS2
644574,PS2
644577,PS2
644583,PS2
644587,PS2
644607,PS2
644620,PS2
644658,PS2
644675,PS2
644680,PS2
644683,PS2
644686,PS2
644695,PS2
644698,PS2
644700,PS2
644701,PS2
644703,PS2
644705,PS2
644707,PS2
644711,PS2
644712,PS2
644728,PS2
644730,PS2
644738,PS2
644745,PS2
644774,PS2
644777,PS2
644784,PS2
644791,PS2
644819,PS2
644820,PS2
644824,PS2
644825,PS2
644828,PS2
644830,PS2
644835,PS2
644849,PS2
644850,PS2
644851,PS2
644855,PS2
644860,PS2
644861,PS2
644866,PS2
644867,PS2
644870,PS2
644872,PS2
644876,PS2
644878,PS2
644882,PS2
644891,PS2
644899,PS2
644908,PS2
644919,PS2
644928,PS2
644963,PS2
644979,PS2
644985,PS2
644987,PS2
644991,PS2
645002,PS2
645011,PS2
645028,PS2
645048,PS2
645049,PS2
645050,PS2
645052,PS2
645054,PS2
645055,PS2
645057,PS2
645065,PS2
645066,PS2
645070,PS2
645073,PS2
645077,PS2
645078,PS2
645091,PS2
645093,PS2
645095,PS2
645099,PS2
645101,PS2
645104,PS2
645113,PS2
645115,PS2
645117,PS2
645118,PS2
645122,PS2
645127,PS2
645130,PS2
645136,PS2
645151,PS2
645152,PS2
645153,PS2
645154,PS2
645164,PS2
645184,PS2
645185,PS2
645193,PS2
645210,PS2
645240,PS2
645274,PS2
645279,PS2
645311,PS2
645323,PS2
645324,PS2
645325,PS2
645327,PS2
645332,PS2
645333,PS2
645343,PS2
645344,PS2
645345,PS2
645347,PS2
645349,PS2
645354,PS2
645355,PS2
645363,PS2
645366,PS2
645367,PS2
645368,PS2
645370,PS2
645372,PS2
645379,PS2
645382,PS2
645383,PS2
645384,PS2
645402,PS2
645403,PS2
645423,PS2
645444,PS2
645456,PS2
645465,PS2
645466,PS2
645467,PS2
645468,PS2
645471,PS2
645472,PS2
645473,PS2
645475,PS2
645477,PS2
645480,PS2
645483,PS2
645491,PS2
645492,PS2
645498,PS2
645502,PS2
645506,PS2
645509,PS2
645511,PS2
645513,PS2
645517,PS2
645518,PS2
645523,PS2
645524,PS2
645540,PS2
645542,PS2
645557,PS2
645568,PS2
645574,PS2
645575,PS2
645579,PS2
645583,PS2
645629,PS2
645636,PS2
645639,PS2
645654,PS2
645717,PS2
645718,PS2
645719,PS2
645722,PS2
645723,PS2
645723,PS2
645725,PS2
645727,PS2
645728,PS2
645731,PS2
645732,PS2
645733,PS2
645735,PS2
645737,PS2
645739,PS2
645741,PS2
645742,PS2
645743,PS2
645744,PS2
645745,PS2
645751,PS2
645753,PS2
645764,PS2
645765,PS2
645767,PS2
645773,PS2
645774,PS2
645776,PS2
645784,PS2
645789,PS2
645791,PS2
645796,PS2
645799,PS2
645811,PS2
645824,PS2
645829,PS2
645842,PS2
645843,PS2
645851,PS2
645855,PS2
645860,PS2
645865,PS2
645866,PS2
645874,PS2
645876,PS2
645880,PS2
645888,PS2
645890,PS2
645902,PS2
645906,PS2
645909,PS2
645910,PS2
645912,PS2
645917,PS2
645923,PS2
645926,PS2
645934,PS2
645945,PS2
645950,PS2
645958,PS2
645959,PS2
645960,PS2
645972,PS2
645989,PS2
645995,PS2
645999,PS2
646001,PS2
646003,PS2
646006,PS2
646009,PS2
646011,PS2
646013,PS2
646022,PS2
646024,PS2
646028,PS2
646037,PS2
646047,PS2
646093,PS2
646098,PS2
646104,PS2
646106,PS2
646118,PS2
646119,PS2
646120,PS2
646121,PS2
646122,PS2
646123,PS2
646125,PS2
646126,PS2
646134,PS2
646160,PS2
646180,PS2
646194,PS2
646218,PS2
646219,PS2
646222,PS2
646227,PS2
646234,PS2
646243,PS2
646263,PS2
646276,PS2
646280,PS2
646281,PS2
646284,PS2
646285,PS2
646287,PS2
646288,PS2
646292,PS2
646293,PS2
646299,PS2
646301,PS2
646309,PS2
646316,PS2
646318,PS2
646324,PS2
646326,PS2
646334,PS2
646338,PS2
646353,PS2
646365,PS2
646382,PS2
646385,PS2
646394,PS2
646401,PS2
646414,PS2
646415,PS2
646417,PS2
646432,PS2
646457,PS2
646463,PS2
646471,PS2
646474,PS2
646476,PS2
646479,PS2
646486,PS2
646491,PS2
646492,PS2
646494,PS2
646496,PS2
646498,PS2
646502,PS2
646532,PS2
646539,PS2
646540,PS2
646543,PS2
646547,PS2
646548,PS2
646565,PS2
646572,PS2
646574,PS2
646576,PS2
646578,PS2
646589,PS2
646599,PS2
646601,PS2
646602,PS2
646603,PS2
646606,PS2
646607,PS2
646609,PS2
646610,PS2
646611,PS2
646613,PS2
646614,PS2
646616,PS2
646618,PS2
646619,PS2
646626,PS2
646631,PS2
646632,PS2
646637,PS2
646641,PS2
646642,PS2
646643,PS2
646646,PS2
646649,PS2
646652,PS2
646657,PS2
646658,PS2
646664,PS2
646669,PS2
646675,PS2
646696,PS2
646697,PS2
646701,PS2
646706,PS2
646707,PS2
646715,PS2
646735,PS2
646738,PS2
646750,PS2
646755,PS2
646764,PS2
646770,PS2
646771,PS2
646776,PS2
646777,PS2
646779,PS2
646780,PS2
646781,PS2
646787,PS2
646794,PS2
646800,PS2
646802,PS2
646803,PS2
646808,PS2
646813,PS2
646819,PS2
646835,PS2
646841,PS2
646842,PS2
646843,PS2
646847,PS2
646848,PS2
646852,PS2
646857,PS2
646860,PS2
646862,PS2
646863,PS2
646865,PS2
646866,PS2
646868,PS2
646873,PS2
646890,PS2
646903,PS2
646904,PS2
646921,PS2
646931,PS2
646938,PS2
646941,PS2
646942,PS2
646948,PS2
646950,PS2
646951,PS2
646959,PS2
646970,PS2
646972,PS2
646984,PS2
647002,PS2
647006,PS2
647013,PS2
647015,PS2
647017,PS2
647028,PS2
647029,PS2
647038,PS2
647043,PS2
647047,PS2
647051,PS2
647053,PS2
647057,PS2
647060,PS2
647062,PS2
647065,PS2
647066,PS2
647069,PS2
647075,PS2
647079,PS2
647086,PS2
647087,PS2
647098,PS2
647102,PS2
647109,PS2
647125,PS2
647127,PS2
647133,PS2
647134,PS2
647182,PS2
647186,PS2
647187,PS2
647190,PS2
647194,PS2
647202,PS2
647204,PS2
647207,PS2
647218,PS2
647228,PS2
647242,PS2
647249,PS2
647251,PS2
647252,PS2
647253,PS2
647258,PS2
647259,PS2
647261,PS2
647262,PS2
647264,PS2
647266,PS2
647285,PS2
647289,PS2
647301,PS2
647302,PS2
647305,PS2
647306,PS2
647307,PS2
647308,PS2
647311,PS2
647320,PS2
647322,PS2
647324,PS2
647328,PS2
647329,PS2
647340,PS2
647344,PS2
647345,PS2
647346,PS2
647347,PS2
647350,PS2
647369,PS2
647377,PS2
647379,PS2
647393,PS2
647400,PS2
647401,PS2
647405,PS2
647453,PS2
647457,PS2
647465,PS2
647474,PS2
647499,PS2
647500,PS2
647502,PS2
647507,PS2
647513,PS2
647518,PS2
647519,PS2
647521,PS2
647524,PS2
647528,PS2
647531,PS2
647536,PS2
647542,PS2
647551,PS2
647557,PS2
647563,PS2
647569,PS2
647577,PS2
647578,PS2
647583,PS2
647587,PS2
647588,PS2
647589,PS2
647597,PS2
647598,PS2
647599,PS2
647601,PS2
647606,PS2
647609,PS2
647610,PS2
647613,PS2
647616,PS2
647620,PS2
647631,PS2
647660,PS2
647673,PS2
647676,PS2
647679,PS2
647684,PS2
647685,PS2
647705,PS2
647711,PS2
647722,PS2
647726,PS2
647727,PS2
647728,PS2
647736,PS2
647742,PS2
647755,PS2
647772,PS2
647774,PS2
647785,PS2
647788,PS2
647799,PS2
647802,PS2
647811,PS2
647834,PS2
647846,PS2
647859,PS2
647920,PS2
647922,PS2
647926,PS2
647927,PS2
647929,PS2
647937,PS2
647943,PS2
647944,PS2
647948,PS2
647953,PS2
647954,PS2
647955,PS2
647956,PS2
647965,PS2
647967,PS2
647972,PS2
647976,PS2
647985,PS2
647986,PS2
647993,PS2
648002,PS2
648009,PS2
648011,PS2
648014,PS2
648019,PS2
648024,PS2
648027,PS2
648040,PS2
648041,PS2
648043,PS2
648046,PS2
648052,PS2
648060,PS2
648062,PS2
648065,PS2
648067,PS2
648072,PS2
648075,PS2
648079,PS2
648081,PS2
648084,PS2
648107,PS2
648112,PS2
648126,PS2
648142,PS2
648143,PS2
648144,PS2
648161,PS2
648162,PS2
648192,PS2
648196,PS2
648210,PS2
648217,PS2
648237,PS2
648243,PS2
648253,PS2
648276,PS2
648276,PS2
648305,PS2
648316,PS2
648328,PS2
648351,PS2
648360,PS2
648368,PS2
648377,PS2
648381,PS2
648387,PS2
648387,PS2
648390,PS2
648419,PS2
648430,PS2
648530,PS2
648537,PS2
648540,PS2
648578,PS2
648580,PS2
648593,PS2
648595,PS2
648603,PS2
648637,PS2
648673,PS2
648675,PS2
648688,PS2
648689,PS2
648700,PS2
648702,PS2
648703,PS2
648708,PS2
648709,PS2
648710,PS2
648716,PS2
648719,PS2
648721,PS2
648722,PS2
648725,PS2
648731,PS2
648737,PS2
648738,PS2
648743,PS2
648750,PS2
648751,PS2
648755,PS2
648756,PS2
648764,PS2
648771,PS2
648785,PS2
648799,PS2
648801,PS2
648811,PS2
648812,PS2
648819,PS2
648823,PS2
648831,PS2
648841,PS2
648847,PS2
648848,PS2
648849,PS2
648853,PS2
648861,PS2
648863,PS2
648865,PS2
648868,PS2
648871,PS2
648880,PS2
648881,PS2
648883,PS2
648898,PS2
648904,PS2
648909,PS2
648916,PS2
648918,PS2
648939,PS2
648940,PS2
648942,PS2
648943,PS2
648948,PS2
648955,PS2
648960,PS2
648965,PS2
648968,PS2
648980,PS2
648985,PS2
648988,PS2
648998,PS2
649000,PS2
649005,PS2
649018,PS2
649037,PS2
649039,PS2
649042,PS2
649045,PS2
649047,PS2
649056,PS2
649060,PS2
649066,PS2
649068,PS2
649074,PS2
649081,PS2
649081,PS2
649083,PS2
649092,PS2
649096,PS2
649107,PS2
649123,PS2
649123,PS2
649124,PS2
649126,PS2
649129,PS2
649129,PS2
649131,PS2
649135,PS2
649137,PS2
649145,PS2
649152,PS2
649154,PS2
649160,PS2
649163,PS2
649174,PS2
649188,PS2
649190,PS2
649190,PS2
649191,PS2
649192,PS2
649199,PS2
649201,PS2
649203,PS2
649204,PS2
649205,PS2
649206,PS2
649207,PS2
649212,PS2
649214,PS2
649216,PS2
649217,PS2
649220,PS2
649224,PS2
649225,PS2
649228,PS2
649230,PS2
649238,PS2
649239,PS2
649241,PS2
649241,PS2
649242,PS2
649257,PS2
649258,PS2
649258,PS2
649269,PS2
649283,PS2
649285,PS2
649286,PS2
649295,PS2
649301,PS2
649302,PS2
649303,PS2
649306,PS2
649312,PS2
649319,PS2
649325,PS2
649333,PS2
649333,PS2
649336,PS2
649355,PS2
649371,PS2
649373,PS2
649375,PS2
649385,PS2
649387,PS2
649391,PS2
649430,PS2
649436,PS2
649446,PS2
649447,PS2
649448,PS2
649455,PS2
649456,PS2
649457,PS2
649459,PS2
649464,PS2
649465,PS2
649468,PS2
649471,PS2
649472,PS2
649473,PS2
649482,PS2
649485,PS2
649487,PS2
649494,PS2
649497,PS2
649506,PS2
649507,PS2
649513,PS2
649514,PS2
649516,PS2
649517,PS2
649522,PS2
649523,PS2
649524,PS2
649525,PS2
649528,PS2
649529,PS2
649535,PS2
649539,PS2
649543,PS2
649544,PS2
649553,PS2
649557,PS2
649558,PS2
649559,PS2
649563,PS2
649564,PS2
649565,PS2
649572,PS2
649573,PS2
649574,PS2
649577,PS2
649578,PS2
649581,PS2
649595,PS2
649603,PS2
649611,PS2
649614,PS2
649623,PS2
649632,PS2
649634,PS2
649643,PS2
649644,PS2
649648,PS2
649657,PS2
649663,PS2
649669,PS2
649671,PS2
649674,PS2
649682,PS2
649684,PS2
649688,PS2
649691,PS2
649692,PS2
649769,PS2
649770,PS2
649771,PS2
649774,PS2
649778,PS2
649780,PS2
649800,PS2
649835,PS2
649853,PS2
649866,PS2
649877,PS2
649887,PS2
649947,PS2
649951,PS2
649952,PS2
649957,PS2
649977,PS2
649985,PS2
649986,PS2
649998,PS2
650045,PS2
650056,PS2
650058,PS2
650072,PS2
650128,PS2
650148,PS2
650149,PS2
650158,PS2
650167,PS2
650192,PS2
650207,PS2
650218,PS2
650228,PS2
650234,PS2
650235,PS2
650242,PS2
650253,PS2
650261,PS2
650265,PS2
650267,PS2
650278,PS2
650279,PS2
650281,PS2
650283,PS2
650284,PS2
650292,PS2
650295,PS2
650303,PS2
650304,PS2
650318,PS2
650328,PS2
650331,PS2
650332,PS2
650333,PS2
650335,PS2
650337,PS2
650338,PS2
650343,PS2
650349,PS2
650350,PS2
650355,PS2
650357,PS2
650359,PS2
650362,PS2
650363,PS2
650366,PS2
650367,PS2
650376,PS2
650384,PS2
650385,PS2
650391,PS2
650400,PS2
650413,PS2
650418,PS2
650439,PS2
650465,PS2
650472,PS2
650475,PS2
650482,PS2
650486,PS2
650497,PS2
650500,PS2
650504,PS2
650506,PS2
650509,PS2
650515,PS2
650519,PS2
650522,PS2
650526,PS2
650528,PS2
650534,PS2
650552,PS2
650570,PS2
650591,PS2
650595,PS2
650637,PS2
650668,PS2
650669,PS2
650735,PS2
650743,PS2
650751,PS2
650755,PS2
650757,PS2
650768,PS2
650782,PS2
650801,PS2
650814,PS2
650822,PS2
650825,PS2
650831,PS2
650833,PS2
650839,PS2
650844,PS2
650845,PS2
650846,PS2
650847,PS2
650848,PS2
650871,PS2
650887,PS2
650925,PS2
650952,PS2
650955,PS2
650962,PS2
650971,PS2
650973,PS2
651020,PS2
651036,PS2
651040,PS2
651048,PS2
651056,PS2
651064,PS2
651085,PS2
651240,PS2
651275,PS2
651318,PS2
651321,PS2
651427,PS2
651442,PS2
651448,PS2
651456,PS2
651478,PS2
651483,PS2
651552,PS2
651557,PS2
651569,PS2
651582,PS2
651586,PS2
651633,PS2
651651,PS2
651671,PS2
651673,PS2
651809,PS2
651817,PS2
651820,PS2
651832,PS2
651840,PS2
651841,PS2
651848,PS2
651853,PS2
651856,PS2
651861,PS2
651864,PS2
651867,PS2
651888,PS2
651895,PS2
651919,PS2
651923,PS2
651924,PS2
651933,PS2
652131,PS2
652143,PS2
652150,PS2
652155,PS2
652164,PS2
652188,PS2
652192,PS2
652194,PS2
652223,PS2
652314,PS2
652316,PS2
652320,PS2
652342,PS2
652359,PS2
652360,PS2
652364,PS2
652368,PS2
652380,PS2
652388,PS2
652403,PS2
652451,PS2
652465,PS2
652467,PS2
652474,PS2
652476,PS2
652537,PS2
652538,PS2
652592,PS2
652606,PS2
652651,PS2
652751,PS2
1000053,PS2
1000235,PS2
1000320,PS2
1000514,PS2
1000582,PS2
1000783,PS2
1001012,PS2
1001133,PS2
1001767,PS2
1001845,PS2
1001971,PS2
1002219,PS2
1002250,PS2
1002425,PS2
1002611,PS2
1002829,PS2
1003010,PS2
1003071,PS2
1004144,PS2
2038980,PS2
2039598,PS2
2041445,PS2
2041445,PS2
2042536,PS2
2045188,PS2
2045397,PS2
2048592,PS2
2050061,PS2
2050412,PS2
2050809,PS2
2051010,PS2
2051405,PS2
2052448,PS2
2054222,PS2
2055924,PS2
2056019,PS2
2057945,PS2
2058834,PS2
2062270,PS2
2063740,PS2
2063763,PS2
2064359,PS2
2065602,PS2
2065786,PS2
2065869,PS2
2066876,PS2
2070648,PS2
2074374,PS2
2074549,PS2
2074812,PS2
2075501,PS2
2075749,PS2
2075934,PS2
2076777,PS2